Unnamed: 0,Unnamed: 1,Unnamed: 2,Unnamed: 3,Unnamed: 4,Unnamed: 5
,,,,,
,,,,,
,,,,,
,,,,,
,,,,,
,,,,,
,,,,,
Total de mortalidad de salmónidos en centros de cultivo desde 2023 al primer semestre 2024,,,,,
Código Centro,Empresa,Mort. Total unidades,Mes Inicio Ciclo,Mes Fin Ciclo,Periodo información
100114,CERMAQ CHILE S.A.,104417,2022-05-01 00:00:00,2023-01-31 00:00:00,1er Semestre 2023
100182,"AQUACHILE S.A., EMPRESAS",29787,2022-05-01 00:00:00,2023-01-31 00:00:00,1er Semestre 2023
100396,SALMONES AYSEN S.A.,11909,2022-02-01 00:00:00,2023-01-31 00:00:00,1er Semestre 2023
100397,SALMONES AYSEN S.A.,20022,2022-03-01 00:00:00,2023-01-31 00:00:00,1er Semestre 2023
100469,"TORNAGALEONES S.A., GRANJA MARINA",28816,2022-04-01 00:00:00,2023-01-31 00:00:00,1er Semestre 2023
100602,CALETA BAY MAR SpA,88644,2022-04-01 00:00:00,2023-01-31 00:00:00,1er Semestre 2023
100603,FIORDO BLANCO S.A.,43161,2022-06-01 00:00:00,2023-01-31 00:00:00,1er Semestre 2023
100960,SALMONES AYSEN S.A.,97282,2022-03-01 00:00:00,2023-01-31 00:00:00,1er Semestre 2023
101968,INVERMAR S.A.,60405,2022-04-01 00:00:00,2023-01-31 00:00:00,1er Semestre 2023
102458,SALMONES AYSEN S.A.,82248,2022-05-01 00:00:00,2023-01-31 00:00:00,1er Semestre 2023
103750,TRUSAL S.A.,57667,2022-05-01 00:00:00,2023-01-31 00:00:00,1er Semestre 2023
103771,CERMAQ CHILE S.A.,211028,2021-09-01 00:00:00,2023-01-31 00:00:00,1er Semestre 2023
110276,PISCICULTURA PALQUI LTDA.,235,2022-10-01 00:00:00,2023-01-31 00:00:00,1er Semestre 2023
110317,MOWI CHILE S.A.,113378,2021-10-01 00:00:00,2023-01-31 00:00:00,1er Semestre 2023
110341,COOKE AQUACULTURE CHILE S.A.,159546,2021-09-01 00:00:00,2023-01-31 00:00:00,1er Semestre 2023
110443,AQUACHILE SPA,29650,2022-06-01 00:00:00,2023-01-31 00:00:00,1er Semestre 2023
110460,"AQUACHILE S.A., EMPRESAS",48950,2022-06-01 00:00:00,2023-01-31 00:00:00,1er Semestre 2023
110537,"AQUACHILE S.A., EMPRESAS",43484,2022-06-01 00:00:00,2023-01-31 00:00:00,1er Semestre 2023
110644,SALMONES CAMANCHACA S.A.,49960,2021-12-01 00:00:00,2023-01-31 00:00:00,1er Semestre 2023
110653,EXPORTADORA LOS FIORDOS LTDA.,83267,2021-11-01 00:00:00,2023-01-31 00:00:00,1er Semestre 2023
110721,INVERMAR S.A.,162030,2021-09-01 00:00:00,2023-01-31 00:00:00,1er Semestre 2023
110741,CULTIVOS YADRAN S.A.,80649,2022-05-01 00:00:00,2023-01-31 00:00:00,1er Semestre 2023
110827,EXPORTADORA LOS FIORDOS LTDA.,95098,2021-11-01 00:00:00,2023-01-31 00:00:00,1er Semestre 2023
110830,AUSTRALIS MAR S.A.,50251,2022-02-01 00:00:00,2023-01-31 00:00:00,1er Semestre 2023
110837,"TORNAGALEONES S.A., GRANJA MARINA",279,2022-10-01 00:00:00,2023-01-31 00:00:00,1er Semestre 2023
110838,"TORNAGALEONES S.A., GRANJA MARINA",166903,2022-03-01 00:00:00,2023-01-31 00:00:00,1er Semestre 2023
110884,EXPORTADORA LOS FIORDOS LTDA.,58987,2021-11-01 00:00:00,2023-01-31 00:00:00,1er Semestre 2023
110906,SALMONES ANTARTICA S.A.,79493,2021-12-01 00:00:00,2023-01-31 00:00:00,1er Semestre 2023
120074,SALMONES BLUMAR MAGALLANES SpA,26065,2021-09-01 00:00:00,2023-01-31 00:00:00,1er Semestre 2023
120174,AUSTRALIS MAR S.A.,107957,2021-08-01 00:00:00,2023-01-31 00:00:00,1er Semestre 2023
100331,SALMONES AYSEN S.A.,65568,2022-05-01 00:00:00,2023-02-28 00:00:00,1er Semestre 2023
100367,SALMONES AYSEN S.A.,94095,2022-07-01 00:00:00,2023-02-28 00:00:00,1er Semestre 2023
100580,CALETA BAY MAR SpA,214531,2022-05-01 00:00:00,2023-02-28 00:00:00,1er Semestre 2023
100615,"TORNAGALEONES S.A., GRANJA MARINA",35304,2022-05-01 00:00:00,2023-02-28 00:00:00,1er Semestre 2023
101531,SALMONES AYSEN S.A.,95297,2022-04-01 00:00:00,2023-02-28 00:00:00,1er Semestre 2023
101916,"TORNAGALEONES S.A., GRANJA MARINA",26614,2022-04-01 00:00:00,2023-02-28 00:00:00,1er Semestre 2023
102186,SALMONES CAMANCHACA S.A.,81031,2022-04-01 00:00:00,2023-02-28 00:00:00,1er Semestre 2023
102305,SALMONES AYSEN S.A.,68642,2022-05-01 00:00:00,2023-02-28 00:00:00,1er Semestre 2023
102342,CERMAQ CHILE S.A.,194939,2021-10-01 00:00:00,2023-02-28 00:00:00,1er Semestre 2023
102582,CULTIVOS YADRAN S.A.,324573,2021-10-01 00:00:00,2023-02-28 00:00:00,1er Semestre 2023
103748,"TORNAGALEONES S.A., GRANJA MARINA",21217,2022-07-01 00:00:00,2023-02-28 00:00:00,1er Semestre 2023
103845,SALMONES ANTARTICA S.A.,29815,2022-03-01 00:00:00,2023-02-28 00:00:00,1er Semestre 2023
110234,AQUACHILE SPA,92422,2022-04-01 00:00:00,2023-02-28 00:00:00,1er Semestre 2023
110287,SALMOCONCESIONES XI REGION S.A.,57847,2022-03-01 00:00:00,2023-02-28 00:00:00,1er Semestre 2023
110320,MOWI CHILE S.A.,207902,2021-12-01 00:00:00,2023-02-28 00:00:00,1er Semestre 2023
110511,EXPORTADORA LOS FIORDOS LTDA.,65533,2021-11-01 00:00:00,2023-02-28 00:00:00,1er Semestre 2023
110620,EXPORTADORA LOS FIORDOS LTDA.,69423,2022-05-01 00:00:00,2023-02-28 00:00:00,1er Semestre 2023
110643,EXPORTADORA LOS FIORDOS LTDA.,44388,2022-04-01 00:00:00,2023-02-28 00:00:00,1er Semestre 2023
110645,AUSTRALIS MAR S.A.,30816,2022-02-01 00:00:00,2023-02-28 00:00:00,1er Semestre 2023
110669,EXPORTADORA LOS FIORDOS LTDA.,80486,2022-03-01 00:00:00,2023-02-28 00:00:00,1er Semestre 2023
110745,SALMONES BLUMAR S.A.,58706,2021-11-01 00:00:00,2023-02-28 00:00:00,1er Semestre 2023
110751,"TORNAGALEONES S.A., GRANJA MARINA",75913,2021-11-01 00:00:00,2023-02-28 00:00:00,1er Semestre 2023
110853,MULTI X S.A.,72291,2021-12-01 00:00:00,2023-02-28 00:00:00,1er Semestre 2023
110858,SALMONES BLUMAR S.A.,77739,2021-12-01 00:00:00,2023-02-28 00:00:00,1er Semestre 2023
110896,EXPORTADORA LOS FIORDOS LTDA.,38730,2022-07-01 00:00:00,2023-02-28 00:00:00,1er Semestre 2023
110901,SALMONES PACIFIC STAR S.A.,287266,2021-07-01 00:00:00,2023-02-28 00:00:00,1er Semestre 2023
120118,CERMAQ CHILE S.A.,47439,2021-08-01 00:00:00,2023-02-28 00:00:00,1er Semestre 2023
120169,TRUSAL S.A.,135859,2021-06-01 00:00:00,2023-02-28 00:00:00,1er Semestre 2023
120171,MULTIEXPORT PATAGONIA S.A.,24287,2021-09-01 00:00:00,2023-02-28 00:00:00,1er Semestre 2023
101318,MOWI CHILE S.A.,92383,2021-11-01 00:00:00,2023-03-31 00:00:00,1er Semestre 2023
102956,INVERMAR S.A.,77826,2021-10-01 00:00:00,2023-03-31 00:00:00,1er Semestre 2023
103939,TRUSAL S.A.,68498,2022-01-01 00:00:00,2023-03-31 00:00:00,1er Semestre 2023
110148,SALMOCONCESIONES S.A.,953,2022-10-01 00:00:00,2023-03-31 00:00:00,1er Semestre 2023
110300,SALMOCONCESIONES XI REGION S.A.,2620,2022-10-01 00:00:00,2023-03-31 00:00:00,1er Semestre 2023
110325,SALMOCONCESIONES XI REGION S.A.,559,2022-10-01 00:00:00,2023-03-31 00:00:00,1er Semestre 2023
110393,MULTI X S.A.,74548,2022-01-01 00:00:00,2023-03-31 00:00:00,1er Semestre 2023
110497,"AQUACHILE S.A., EMPRESAS",52578,2022-02-01 00:00:00,2023-03-31 00:00:00,1er Semestre 2023
110518,EXPORTADORA LOS FIORDOS LTDA.,45079,2022-01-01 00:00:00,2023-03-31 00:00:00,1er Semestre 2023
110562,SALMONES CAMANCHACA S.A.,34670,2022-02-01 00:00:00,2023-03-31 00:00:00,1er Semestre 2023
110604,MOWI CHILE S.A.,154579,2021-11-01 00:00:00,2023-03-31 00:00:00,1er Semestre 2023
110637,SALMONES BLUMAR S.A.,49555,2022-01-01 00:00:00,2023-03-31 00:00:00,1er Semestre 2023
110708,EXPORTADORA LOS FIORDOS LTDA.,64335,2021-12-01 00:00:00,2023-03-31 00:00:00,1er Semestre 2023
110714,EXPORTADORA LOS FIORDOS LTDA.,99356,2021-12-01 00:00:00,2023-03-31 00:00:00,1er Semestre 2023
110738,CULTIVOS YADRAN S.A.,31548,2022-01-01 00:00:00,2023-03-31 00:00:00,1er Semestre 2023
110818,AUSTRALIS MAR S.A.,32926,2022-04-01 00:00:00,2023-03-31 00:00:00,1er Semestre 2023
110930,CERMAQ CHILE S.A.,267968,2021-11-01 00:00:00,2023-03-31 00:00:00,1er Semestre 2023
120137,AUSTRALIS MAR S.A.,115060,2021-12-01 00:00:00,2023-03-31 00:00:00,1er Semestre 2023
120139,AQUACHILE MAGALLANES SPA. ,87753,2022-10-01 00:00:00,2023-03-31 00:00:00,1er Semestre 2023
120160,AQUACHILE MAGALLANES SPA. ,182074,2021-08-01 00:00:00,2023-03-31 00:00:00,1er Semestre 2023
120172,MULTIEXPORT PATAGONIA S.A.,28810,2021-10-01 00:00:00,2023-03-31 00:00:00,1er Semestre 2023
100443,CERMAQ CHILE S.A.,58101,2022-02-01 00:00:00,2023-04-30 00:00:00,1er Semestre 2023
100660,SALMONES CAMANCHACA S.A.,22872,2022-03-01 00:00:00,2023-04-30 00:00:00,1er Semestre 2023
102784,PRODUCTOS DEL MAR VENTISQUEROS S.A.,144808,2022-02-01 00:00:00,2023-04-30 00:00:00,1er Semestre 2023
102928,INVERMAR S.A.,71084,2021-12-01 00:00:00,2023-04-30 00:00:00,1er Semestre 2023
102994,PRODUCTOS DEL MAR VENTISQUEROS S.A.,194591,2022-02-01 00:00:00,2023-04-30 00:00:00,1er Semestre 2023
103327,"TORNAGALEONES S.A., GRANJA MARINA",38488,2022-02-01 00:00:00,2023-04-30 00:00:00,1er Semestre 2023
103742,TRUSAL S.A.,89384,2022-02-01 00:00:00,2023-04-30 00:00:00,1er Semestre 2023
110230,COOKE AQUACULTURE CHILE S.A.,198459,2021-11-01 00:00:00,2023-04-30 00:00:00,1er Semestre 2023
110253,EXPORTADORA LOS FIORDOS LTDA.,3217,2022-04-01 00:00:00,2023-04-30 00:00:00,1er Semestre 2023
110280,SALMOCONCESIONES XI REGION S.A.,1505,2022-07-01 00:00:00,2023-04-30 00:00:00,1er Semestre 2023
110389,MULTI X S.A.,127261,2022-01-01 00:00:00,2023-04-30 00:00:00,1er Semestre 2023
110395,MULTI X S.A.,52226,2022-02-01 00:00:00,2023-04-30 00:00:00,1er Semestre 2023
110498,"AQUACHILE S.A., EMPRESAS",52269,2022-03-01 00:00:00,2023-04-30 00:00:00,1er Semestre 2023
110549,EXPORTADORA LOS FIORDOS LTDA.,52211,2022-03-01 00:00:00,2023-04-30 00:00:00,1er Semestre 2023
110551,MULTI X S.A.,167415,2022-03-01 00:00:00,2023-04-30 00:00:00,1er Semestre 2023
110684,"TORNAGALEONES S.A., GRANJA MARINA",146,2023-02-01 00:00:00,2023-04-30 00:00:00,1er Semestre 2023
110688,EXPORTADORA LOS FIORDOS LTDA.,1500,2022-12-01 00:00:00,2023-04-30 00:00:00,1er Semestre 2023
110694,CULTIVOS YADRAN S.A.,88247,2022-02-01 00:00:00,2023-04-30 00:00:00,1er Semestre 2023
110758,CERMAQ CHILE S.A.,112715,2021-12-01 00:00:00,2023-04-30 00:00:00,1er Semestre 2023
110783,AUSTRALIS MAR S.A.,57748,2022-03-01 00:00:00,2023-04-30 00:00:00,1er Semestre 2023
110808,CULTIVOS YADRAN S.A.,40166,2022-01-01 00:00:00,2023-04-30 00:00:00,1er Semestre 2023
110889,SALMONES ANTARTICA S.A.,106097,2022-04-01 00:00:00,2023-04-30 00:00:00,1er Semestre 2023
110926,EXPORTADORA LOS FIORDOS LTDA.,87280,2022-03-01 00:00:00,2023-04-30 00:00:00,1er Semestre 2023
120194,SALMONES BLUMAR MAGALLANES SpA,70633,2021-12-01 00:00:00,2023-04-30 00:00:00,1er Semestre 2023
120222,AUSTRALIS MAR S.A.,45419,2021-12-01 00:00:00,2023-04-30 00:00:00,1er Semestre 2023
102318,MOWI CHILE S.A.,1599,2023-03-01 00:00:00,2023-05-31 00:00:00,1er Semestre 2023
103701,MULTI X S.A.,231908,2022-04-01 00:00:00,2023-05-31 00:00:00,1er Semestre 2023
103734,CERMAQ CHILE S.A.,31678,2022-03-01 00:00:00,2023-05-31 00:00:00,1er Semestre 2023
110057,EXPORTADORA LOS FIORDOS LTDA.,1994,2023-03-01 00:00:00,2023-05-31 00:00:00,1er Semestre 2023
110227,COOKE AQUACULTURE CHILE S.A.,36894,2022-01-01 00:00:00,2023-05-31 00:00:00,1er Semestre 2023
110283,SALMOCONCESIONES XI REGION S.A.,93847,2022-06-01 00:00:00,2023-05-31 00:00:00,1er Semestre 2023
110386,SALMONES FRIOSUR S.A.,279,2023-01-01 00:00:00,2023-05-31 00:00:00,1er Semestre 2023
110536,"AQUACHILE S.A., EMPRESAS",67248,2022-04-01 00:00:00,2023-05-31 00:00:00,1er Semestre 2023
110557,SALMONES BLUMAR S.A.,28939,2022-04-01 00:00:00,2023-05-31 00:00:00,1er Semestre 2023
110558,SALMONES BLUMAR S.A.,56485,2022-05-01 00:00:00,2023-05-31 00:00:00,1er Semestre 2023
110735,CERMAQ CHILE S.A.,87785,2022-02-01 00:00:00,2023-05-31 00:00:00,1er Semestre 2023
120111,CERMAQ CHILE S.A.,30495,2021-10-01 00:00:00,2023-05-31 00:00:00,1er Semestre 2023
120155,MULTIEXPORT PATAGONIA S.A.,34227,2022-01-01 00:00:00,2023-05-31 00:00:00,1er Semestre 2023
101326,PRODUCTOS DEL MAR VENTISQUEROS S.A.,27764,2022-08-01 00:00:00,2023-06-30 00:00:00,1er Semestre 2023
102125,MOWI CHILE S.A.,77992,2022-04-01 00:00:00,2023-06-30 00:00:00,1er Semestre 2023
102850,CERMAQ CHILE S.A.,142,2023-04-01 00:00:00,2023-06-30 00:00:00,1er Semestre 2023
103421,CERMAQ CHILE S.A.,37406,2022-04-01 00:00:00,2023-06-30 00:00:00,1er Semestre 2023
104167,SALMONES PACIFIC STAR S.A.,53935,2022-04-01 00:00:00,2023-06-30 00:00:00,1er Semestre 2023
104378,CERMAQ CHILE S.A.,517,2023-04-01 00:00:00,2023-06-30 00:00:00,1er Semestre 2023
110046,SALMONES ANTARTICA S.A.,26281,2022-07-01 00:00:00,2023-06-30 00:00:00,1er Semestre 2023
110271,"AQUACHILE S.A., EMPRESAS",58555,2022-04-01 00:00:00,2023-06-30 00:00:00,1er Semestre 2023
110282,SALMOCONCESIONES XI REGION S.A.,4346,2023-02-01 00:00:00,2023-06-30 00:00:00,1er Semestre 2023
110289,SALMOCONCESIONES XI REGION S.A.,1387,2023-02-01 00:00:00,2023-06-30 00:00:00,1er Semestre 2023
110301,SALMOCONCESIONES XI REGION S.A.,118083,2022-08-01 00:00:00,2023-06-30 00:00:00,1er Semestre 2023
110339,COOKE AQUACULTURE CHILE S.A.,44821,2022-02-01 00:00:00,2023-06-30 00:00:00,1er Semestre 2023
110447,INVERSIONES AQUACHILE SPA,638,2023-02-01 00:00:00,2023-06-30 00:00:00,1er Semestre 2023
110500,SALMONES CAMANCHACA S.A.,84592,2022-05-01 00:00:00,2023-06-30 00:00:00,1er Semestre 2023
110502,INVERSIONES AQUACHILE SPA,1183,2023-02-01 00:00:00,2023-06-30 00:00:00,1er Semestre 2023
110635,AUSTRALIS MAR S.A.,65565,2022-06-01 00:00:00,2023-06-30 00:00:00,1er Semestre 2023
110641,CULTIVOS YADRAN S.A.,141157,2022-04-01 00:00:00,2023-06-30 00:00:00,1er Semestre 2023
110710,INVERSIONES AQUACHILE SPA,1389,2023-02-01 00:00:00,2023-06-30 00:00:00,1er Semestre 2023
110779,MOWI CHILE S.A.,37160,2022-05-01 00:00:00,2023-06-30 00:00:00,1er Semestre 2023
110785,SALMONES BLUMAR S.A.,55766,2022-05-01 00:00:00,2023-06-30 00:00:00,1er Semestre 2023
110823,EXPORTADORA LOS FIORDOS LTDA.,40055,2022-06-01 00:00:00,2023-06-30 00:00:00,1er Semestre 2023
110863,AQUACHILE SPA,1237,2023-02-01 00:00:00,2023-06-30 00:00:00,1er Semestre 2023
120116,CERMAQ CHILE S.A.,15615,2021-12-01 00:00:00,2023-06-30 00:00:00,1er Semestre 2023
120126,NOVA AUSTRAL S.A.,98178,2021-09-01 00:00:00,2023-06-30 00:00:00,1er Semestre 2023
120127,NOVA AUSTRAL S.A.,127754,2021-12-01 00:00:00,2023-06-30 00:00:00,1er Semestre 2023
120131,AQUACHILE MAGALLANES SPA. ,382077,2021-11-01 00:00:00,2023-06-30 00:00:00,1er Semestre 2023
120151,MULTIEXPORT PATAGONIA S.A.,58716,2022-04-01 00:00:00,2023-06-30 00:00:00,1er Semestre 2023
120182,AUSTRALIS MAR S.A.,292908,2022-03-01 00:00:00,2023-06-30 00:00:00,1er Semestre 2023
110175,EXPORTADORA LOS FIORDOS LTDA.,358,2023-04-01 00:00:00,2023-07-30 00:00:00,2do Semestre 2023
110247,"AQUACHILE S.A., EMPRESAS",3136,2023-04-01 00:00:00,2023-07-30 00:00:00,2do Semestre 2023
110646,EXPORTADORA LOS FIORDOS LTDA.,1166,2023-04-01 00:00:00,2023-07-30 00:00:00,2do Semestre 2023
100416,"AQUACHILE S.A., EMPRESAS",19878,2022-11-01 00:00:00,2023-07-31 00:00:00,2do Semestre 2023
102003,INVERMAR S.A.,124893,2022-04-01 00:00:00,2023-07-31 00:00:00,2do Semestre 2023
102255,"AQUACHILE S.A., EMPRESAS",79427,2022-06-01 00:00:00,2023-07-31 00:00:00,2do Semestre 2023
102320,MOWI CHILE S.A.,82834,2022-03-01 00:00:00,2023-07-31 00:00:00,2do Semestre 2023
103593,CALETA BAY MAR SpA,166838,2022-09-01 00:00:00,2023-07-31 00:00:00,2do Semestre 2023
110221,"AQUACHILE S.A., EMPRESAS",260,2023-05-01 00:00:00,2023-07-31 00:00:00,2do Semestre 2023
110279,CERMAQ CHILE S.A.,239839,2022-08-01 00:00:00,2023-07-31 00:00:00,2do Semestre 2023
110345,SALMONES DE CHILE S.A.,6715,2023-04-01 00:00:00,2023-07-31 00:00:00,2do Semestre 2023
110355,"TORNAGALEONES S.A., GRANJA MARINA",38959,2022-05-01 00:00:00,2023-07-31 00:00:00,2do Semestre 2023
110670,CULTIVOS YADRAN S.A.,96254,2022-04-01 00:00:00,2023-07-31 00:00:00,2do Semestre 2023
110725,SALMONES CAMANCHACA S.A.,73651,2022-06-01 00:00:00,2023-07-31 00:00:00,2do Semestre 2023
110773,EXPORTADORA LOS FIORDOS LTDA.,623,2023-03-01 00:00:00,2023-07-31 00:00:00,2do Semestre 2023
110813,MULTI X S.A.,161932,2022-05-01 00:00:00,2023-07-31 00:00:00,2do Semestre 2023
110885,EXPORTADORA LOS FIORDOS LTDA.,77198,2022-05-01 00:00:00,2023-07-31 00:00:00,2do Semestre 2023
110953,EXPORTADORA LOS FIORDOS LTDA.,1455,2023-03-01 00:00:00,2023-07-31 00:00:00,2do Semestre 2023
100245,AQUACHILE MAULLIN LIMITADA,12293,2022-12-01 00:00:00,2023-08-31 00:00:00,2do Semestre 2023
100679,AQUACHILE MAULLIN LIMITADA,80702,2022-07-01 00:00:00,2023-08-31 00:00:00,2do Semestre 2023
101863,MOWI CHILE S.A.,47314,2022-02-01 00:00:00,2023-08-31 00:00:00,2do Semestre 2023
102016,CERMAQ CHILE S.A.,49221,2022-05-01 00:00:00,2023-08-31 00:00:00,2do Semestre 2023
102077,PRODUCTOS DEL MAR VENTISQUEROS S.A.,104490,2022-08-01 00:00:00,2023-08-31 00:00:00,2do Semestre 2023
102135,PRODUCTOS DEL MAR VENTISQUEROS S.A.,6870,2023-02-01 00:00:00,2023-08-31 00:00:00,2do Semestre 2023
103965,TRUSAL S.A.,176814,2022-11-01 00:00:00,2023-08-31 00:00:00,2do Semestre 2023
104063,CALETA BAY MAR SpA,1139,2021-04-01 00:00:00,2023-08-31 00:00:00,2do Semestre 2023
104087,CALETA BAY MAR SpA,615,2023-06-01 00:00:00,2023-08-31 00:00:00,2do Semestre 2023
110047,SALMONES ANTARTICA S.A.,23980,2022-07-01 00:00:00,2023-08-31 00:00:00,2do Semestre 2023
110060,EXPORTADORA LOS FIORDOS LTDA.,56438,2022-07-01 00:00:00,2023-08-31 00:00:00,2do Semestre 2023
110106,"TORNAGALEONES S.A., GRANJA MARINA",86322,2020-10-01 00:00:00,2023-08-31 00:00:00,2do Semestre 2023
110147,MOWI CHILE S.A.,77610,2022-05-01 00:00:00,2023-08-31 00:00:00,2do Semestre 2023
110205,AQUACHILE SPA,14118,2022-12-01 00:00:00,2023-08-31 00:00:00,2do Semestre 2023
110224,COOKE AQUACULTURE CHILE S.A.,59596,2022-06-01 00:00:00,2023-08-31 00:00:00,2do Semestre 2023
110226,COOKE AQUACULTURE CHILE S.A.,15586,2022-12-01 00:00:00,2023-08-31 00:00:00,2do Semestre 2023
110267,MULTI X S.A.,165972,2022-06-01 00:00:00,2023-08-31 00:00:00,2do Semestre 2023
110268,MULTI X S.A.,95597,2022-07-01 00:00:00,2023-08-31 00:00:00,2do Semestre 2023
110272,MULTI X S.A.,50015,2022-07-01 00:00:00,2023-08-31 00:00:00,2do Semestre 2023
110334,SALMOCONCESIONES XI REGION S.A.,76733,2022-08-01 00:00:00,2023-08-31 00:00:00,2do Semestre 2023
110338,COOKE AQUACULTURE CHILE S.A.,1540,2023-01-01 00:00:00,2023-08-31 00:00:00,2do Semestre 2023
110340,COOKE AQUACULTURE CHILE S.A.,73596,2022-04-01 00:00:00,2023-08-31 00:00:00,2do Semestre 2023
110450,SALMOCONCESIONES XI REGION S.A.,1859,2023-03-01 00:00:00,2023-08-31 00:00:00,2do Semestre 2023
110590,CERMAQ CHILE S.A.,63755,2022-05-01 00:00:00,2023-08-31 00:00:00,2do Semestre 2023
110617,ACUICOLA PUYUHUAPI S.A.,22543,2021-01-01 00:00:00,2023-08-31 00:00:00,2do Semestre 2023
110702,SALMONES BLUMAR S.A.,48322,2022-06-01 00:00:00,2023-08-31 00:00:00,2do Semestre 2023
110767,SALMONES BLUMAR S.A.,35049,2022-08-01 00:00:00,2023-08-31 00:00:00,2do Semestre 2023
110874,SALMONES PACIFIC STAR S.A.,50194,2022-07-01 00:00:00,2023-08-31 00:00:00,2do Semestre 2023
110939,MULTI X S.A.,68092,2022-08-01 00:00:00,2023-08-31 00:00:00,2do Semestre 2023
120067,NOVA AUSTRAL S.A.,29258,2022-02-01 00:00:00,2023-08-31 00:00:00,2do Semestre 2023
120094,AQUACHILE MAGALLANES SPA.,59673,2022-03-01 00:00:00,2023-08-31 00:00:00,2do Semestre 2023
100219,AQUACHILE MAULLIN LIMITADA,14677,2023-01-01 00:00:00,2023-09-30 00:00:00,2do Semestre 2023
100412,SALMONES AYSEN S.A.,39918,2022-12-01 00:00:00,2023-09-30 00:00:00,2do Semestre 2023
101293,PRODUCTOS DEL MAR VENTISQUEROS S.A.,67799,2022-09-01 00:00:00,2023-09-30 00:00:00,2do Semestre 2023
101604,AQUACHILE MAULLIN LIMITADA,15739,2022-12-01 00:00:00,2023-09-30 00:00:00,2do Semestre 2023
101690,SALMONES CAMANCHACA S.A.,263714,2022-07-01 00:00:00,2023-09-30 00:00:00,2do Semestre 2023
102137,CERMAQ CHILE S.A.,64506,2022-06-01 00:00:00,2023-09-30 00:00:00,2do Semestre 2023
102140,CULTIVOS YADRAN S.A.,139700,2022-06-01 00:00:00,2023-09-30 00:00:00,2do Semestre 2023
102765,SALMONES CAMANCHACA S.A.,115993,2022-09-01 00:00:00,2023-09-30 00:00:00,2do Semestre 2023
102945,GLACIARES DOS S.A.,8983,2023-02-01 00:00:00,2023-09-30 00:00:00,2do Semestre 2023
103457,CALETA BAY MAR SpA,790,2023-08-01 00:00:00,2023-09-30 00:00:00,2do Semestre 2023
103499,CALETA BAY MAR SpA,355,2023-07-01 00:00:00,2023-09-30 00:00:00,2do Semestre 2023
103699,CERMAQ CHILE S.A.,155111,2022-03-01 00:00:00,2023-09-30 00:00:00,2do Semestre 2023
110129,MOWI CHILE S.A.,45230,2022-06-01 00:00:00,2023-09-30 00:00:00,2do Semestre 2023
110152,"TORNAGALEONES S.A., GRANJA MARINA",51072,2022-07-01 00:00:00,2023-09-30 00:00:00,2do Semestre 2023
110344,EXPORTADORA LOS FIORDOS LTDA.,627,2023-07-01 00:00:00,2023-09-30 00:00:00,2do Semestre 2023
110382,MULTI X S.A.,118028,2022-05-01 00:00:00,2023-09-30 00:00:00,2do Semestre 2023
110579,SALMONES ANTARTICA S.A.,26476,2022-08-01 00:00:00,2023-09-30 00:00:00,2do Semestre 2023
110652,AUSTRALIS MAR S.A.,74932,2022-08-01 00:00:00,2023-09-30 00:00:00,2do Semestre 2023
110703,EXPORTADORA LOS FIORDOS LTDA.,45669,2022-09-01 00:00:00,2023-09-30 00:00:00,2do Semestre 2023
110797,EXPORTADORA LOS FIORDOS LTDA.,43800,2023-05-01 00:00:00,2023-09-30 00:00:00,2do Semestre 2023
110839,EXPORTADORA LOS FIORDOS LTDA.,52596,2022-09-01 00:00:00,2023-09-30 00:00:00,2do Semestre 2023
110849,"AQUACHILE S.A., EMPRESAS",390,2023-07-01 00:00:00,2023-09-30 00:00:00,2do Semestre 2023
110865,EXPORTADORA LOS FIORDOS LTDA.,90533,2022-08-01 00:00:00,2023-09-30 00:00:00,2do Semestre 2023
120066,AQUACHILE MAGALLANES SPA.,444,2023-06-01 00:00:00,2023-09-30 00:00:00,2do Semestre 2023
120068,NOVA AUSTRAL S.A.,83836,2022-01-01 00:00:00,2023-09-30 00:00:00,2do Semestre 2023
120110,CERMAQ CHILE S.A.,26331,2022-02-01 00:00:00,2023-09-30 00:00:00,2do Semestre 2023
120147,AUSTRALIS MAR S.A.,87303,2022-04-01 00:00:00,2023-09-30 00:00:00,2do Semestre 2023
100104,CERMAQ CHILE S.A.,83563,2023-01-01 00:00:00,2023-10-31 00:00:00,2do Semestre 2023
100195,SALMONES AYSEN S.A.,24771,2023-01-01 00:00:00,2023-10-31 00:00:00,2do Semestre 2023
100208,AQUACHILE MAULLIN LIMITADA,28029,2023-01-01 00:00:00,2023-10-31 00:00:00,2do Semestre 2023
100396,SALMONES AYSEN S.A.,9055,2023-02-01 00:00:00,2023-10-31 00:00:00,2do Semestre 2023
100413,MOWI CHILE S.A.,86006,2022-07-01 00:00:00,2023-10-31 00:00:00,2do Semestre 2023
100597,SALMONES ANTARTICA S.A.,55870,2022-12-01 00:00:00,2023-10-31 00:00:00,2do Semestre 2023
100663,SALMOCONCESIONES S.A.,97098,2022-12-01 00:00:00,2023-10-31 00:00:00,2do Semestre 2023
100674,AQUACHILE MAULLIN LIMITADA,32186,2023-01-01 00:00:00,2023-10-31 00:00:00,2do Semestre 2023
101045,"AQUACHILE S.A., EMPRESAS",30079,2023-01-01 00:00:00,2023-10-31 00:00:00,2do Semestre 2023
101962,SALMONES AYSEN S.A.,41250,2022-12-01 00:00:00,2023-10-31 00:00:00,2do Semestre 2023
102129,CULTIVOS YADRAN S.A.,93860,2022-07-01 00:00:00,2023-10-31 00:00:00,2do Semestre 2023
102813,SALMONES CAMANCHACA S.A.,60143,2022-10-01 00:00:00,2023-10-31 00:00:00,2do Semestre 2023
102967,TRUSAL S.A.,71633,2022-08-01 00:00:00,2023-10-31 00:00:00,2do Semestre 2023
104150,TRUSAL S.A.,45690,2023-01-01 00:00:00,2023-10-31 00:00:00,2do Semestre 2023
110069,EXPORTADORA LOS FIORDOS LTDA.,50078,2022-07-01 00:00:00,2023-10-31 00:00:00,2do Semestre 2023
110154,MOWI CHILE S.A.,110228,2022-08-01 00:00:00,2023-10-31 00:00:00,2do Semestre 2023
110248,EXPORTADORA LOS FIORDOS LTDA.,394,2023-07-01 00:00:00,2023-10-31 00:00:00,2do Semestre 2023
110258,EXPORTADORA LOS FIORDOS LTDA.,411,2023-07-01 00:00:00,2023-10-31 00:00:00,2do Semestre 2023
110259,COOKE AQUACULTURE CHILE S.A.,14250,2022-10-01 00:00:00,2023-10-31 00:00:00,2do Semestre 2023
110343,MOWI CHILE S.A.,134961,2022-07-01 00:00:00,2023-10-31 00:00:00,2do Semestre 2023
110384,MULTI X S.A.,154763,2022-09-01 00:00:00,2023-10-31 00:00:00,2do Semestre 2023
110489,"AQUACHILE S.A., EMPRESAS",1378,2023-06-01 00:00:00,2023-10-31 00:00:00,2do Semestre 2023
110516,AQUAINNOVO SPA,12917,2023-02-01 00:00:00,2023-10-31 00:00:00,2do Semestre 2023
110591,EXPORTADORA LOS FIORDOS LTDA.,25309,2022-12-01 00:00:00,2023-10-31 00:00:00,2do Semestre 2023
110631,SALMONES BLUMAR S.A.,29913,2022-11-01 00:00:00,2023-10-31 00:00:00,2do Semestre 2023
110778,AUSTRALIS MAR S.A.,250165,2022-09-01 00:00:00,2023-10-31 00:00:00,2do Semestre 2023
110824,EXPORTADORA LOS FIORDOS LTDA.,39115,2022-09-01 00:00:00,2023-10-31 00:00:00,2do Semestre 2023
110851,"TORNAGALEONES S.A., GRANJA MARINA",25123,2023-01-01 00:00:00,2023-10-31 00:00:00,2do Semestre 2023
110941,AQUAINNOVO SPA,4603,2023-05-01 00:00:00,2023-10-31 00:00:00,2do Semestre 2023
120210,SALMONES BLUMAR MAGALLANES SpA,55882,2022-04-01 00:00:00,2023-10-31 00:00:00,2do Semestre 2023
100103,CERMAQ CHILE S.A.,48467,2023-02-01 00:00:00,2023-11-30 00:00:00,2do Semestre 2023
100120,PRODUCTOS DEL MAR VENTISQUEROS S.A.,20609,2023-04-01 00:00:00,2023-11-30 00:00:00,2do Semestre 2023
100123,AQUACHILE MAULLIN LIMITADA,280267,2023-07-01 00:00:00,2023-11-30 00:00:00,2do Semestre 2023
100148,MULTI X S.A.,94089,2022-09-01 00:00:00,2023-11-30 00:00:00,2do Semestre 2023
100216,SALMOCONCESIONES S.A.,25000,2023-01-01 00:00:00,2023-11-30 00:00:00,2do Semestre 2023
100366,SALMONES AYSEN S.A.,3715,2023-04-01 00:00:00,2023-11-30 00:00:00,2do Semestre 2023
100397,SALMONES AYSEN S.A.,12147,2023-02-01 00:00:00,2023-11-30 00:00:00,2do Semestre 2023
100469,"TORNAGALEONES S.A., GRANJA MARINA",48970,2023-02-01 00:00:00,2023-11-30 00:00:00,2do Semestre 2023
100503,TRUSAL S.A.,479058,2023-04-01 00:00:00,2023-11-30 00:00:00,2do Semestre 2023
101272,AQUACHILE MAULLIN LIMITADA,113580,2023-04-01 00:00:00,2023-11-30 00:00:00,2do Semestre 2023
101498,"AQUACHILE S.A., EMPRESAS",9823,2023-09-01 00:00:00,2023-11-30 00:00:00,2do Semestre 2023
102042,INVERMAR S.A.,71591,2022-12-01 00:00:00,2023-11-30 00:00:00,2do Semestre 2023
102054,PRODUCTOS DEL MAR VENTISQUEROS S.A.,28914,2023-01-01 00:00:00,2023-11-30 00:00:00,2do Semestre 2023
102064,"AQUACHILE S.A., EMPRESAS",980,2023-09-01 00:00:00,2023-11-30 00:00:00,2do Semestre 2023
102072,"AQUACHILE S.A., EMPRESAS",2877,2023-09-01 00:00:00,2023-11-30 00:00:00,2do Semestre 2023
102335,MULTI X S.A.,155311,2022-11-01 00:00:00,2023-11-30 00:00:00,2do Semestre 2023
103458,CALETA BAY MAR SpA,48296,2023-02-01 00:00:00,2023-11-30 00:00:00,2do Semestre 2023
103822,MOWI CHILE S.A.,156000,2022-09-01 00:00:00,2023-11-30 00:00:00,2do Semestre 2023
110068,EXPORTADORA LOS FIORDOS LTDA.,57649,2022-10-01 00:00:00,2023-11-30 00:00:00,2do Semestre 2023
110131,EXPORTADORA LOS FIORDOS LTDA.,51354,2022-09-01 00:00:00,2023-11-30 00:00:00,2do Semestre 2023
110416,NUEVA CERMAQ CHILE S.A.,15490,2022-12-01 00:00:00,2023-11-30 00:00:00,2do Semestre 2023
110417,NUEVA CERMAQ CHILE S.A.,21406,2022-05-01 00:00:00,2023-11-30 00:00:00,2do Semestre 2023
110452,CERMAQ CHILE S.A.,89800,2022-07-01 00:00:00,2023-11-30 00:00:00,2do Semestre 2023
110556,AQUAINNOVO SPA,19859,2023-02-01 00:00:00,2023-11-30 00:00:00,2do Semestre 2023
110586,NUEVA CERMAQ CHILE S.A.,13941,2023-03-01 00:00:00,2023-11-30 00:00:00,2do Semestre 2023
110692,"TORNAGALEONES S.A., GRANJA MARINA",29544,2022-09-01 00:00:00,2023-11-30 00:00:00,2do Semestre 2023
110726,MULTI X S.A.,68810,2022-09-01 00:00:00,2023-11-30 00:00:00,2do Semestre 2023
110742,EXPORTADORA LOS FIORDOS LTDA.,33333,2022-10-01 00:00:00,2023-11-30 00:00:00,2do Semestre 2023
110771,SALMONES BLUMAR S.A.,35069,2022-10-01 00:00:00,2023-11-30 00:00:00,2do Semestre 2023
110950,MULTI X S.A.,133187,2022-10-01 00:00:00,2023-11-30 00:00:00,2do Semestre 2023
120080,AQUACHILE MAGALLANES SPA.,24543,2022-08-01 00:00:00,2023-11-30 00:00:00,2do Semestre 2023
100391,MOWI CHILE S.A.,53965,2022-11-01 00:00:00,2023-12-31 00:00:00,2do Semestre 2023
100603,FIORDO BLANCO S.A.,86373,2023-04-01 00:00:00,2023-12-31 00:00:00,2do Semestre 2023
100960,SALMONES AYSEN S.A.,60766,2023-04-01 00:00:00,2023-12-31 00:00:00,2do Semestre 2023
100974,AQUACHILE MAULLIN LIMITADA,39069,2023-04-01 00:00:00,2023-12-31 00:00:00,2do Semestre 2023
100989,MOWI CHILE S.A.,39252,2022-11-01 00:00:00,2023-12-31 00:00:00,2do Semestre 2023
101607,"TORNAGALEONES S.A., GRANJA MARINA",46333,2023-04-01 00:00:00,2023-12-31 00:00:00,2do Semestre 2023
101918,SALMOCONCESIONES S.A.,2415,2023-01-01 00:00:00,2023-12-31 00:00:00,2do Semestre 2023
101919,SALMOCONCESIONES S.A.,27826,2023-01-01 00:00:00,2023-12-31 00:00:00,2do Semestre 2023
102069,PRODUCTOS DEL MAR VENTISQUEROS S.A.,202665,2022-11-01 00:00:00,2023-12-31 00:00:00,2do Semestre 2023
102122,PRODUCTOS DEL MAR VENTISQUEROS S.A.,29194,2023-04-01 00:00:00,2023-12-31 00:00:00,2do Semestre 2023
103673,FIORDO BLANCO S.A.,193958,2023-04-01 00:00:00,2023-12-31 00:00:00,2do Semestre 2023
103748,"TORNAGALEONES S.A., GRANJA MARINA",44528,2023-03-01 00:00:00,2023-12-31 00:00:00,2do Semestre 2023
104413,INVERMAR S.A.,21893,2023-04-01 00:00:00,2023-12-31 00:00:00,2do Semestre 2023
104442,TRUSAL S.A.,64458,2023-04-01 00:00:00,2023-12-31 00:00:00,2do Semestre 2023
110059,EXPORTADORA LOS FIORDOS LTDA.,40553,2022-09-01 00:00:00,2023-12-31 00:00:00,2do Semestre 2023
110071,EXPORTADORA LOS FIORDOS LTDA.,90428,2022-10-01 00:00:00,2023-12-31 00:00:00,2do Semestre 2023
110228,COOKE AQUACULTURE CHILE S.A.,23376,2022-09-01 00:00:00,2023-12-31 00:00:00,2do Semestre 2023
110302,SALMONES AYSEN S.A.,21003,2023-02-01 00:00:00,2023-12-31 00:00:00,2do Semestre 2023
110322,EXPORTADORA LOS FIORDOS LTDA.,85574,2022-12-01 00:00:00,2023-12-31 00:00:00,2do Semestre 2023
110426,MULTI X S.A.,43548,2022-12-01 00:00:00,2023-12-31 00:00:00,2do Semestre 2023
110429,MULTI X S.A.,32499,2022-12-01 00:00:00,2023-12-31 00:00:00,2do Semestre 2023
110431,MULTI X S.A.,59466,2022-11-01 00:00:00,2023-12-31 00:00:00,2do Semestre 2023
110451,MULTI X S.A.,81869,2022-11-01 00:00:00,2023-12-31 00:00:00,2do Semestre 2023
110453,SALMONES ANTARTICA S.A.,127598,2022-09-01 00:00:00,2023-12-31 00:00:00,2do Semestre 2023
110523,AQUACHILE MAULLIN LIMITADA,47309,2023-02-01 00:00:00,2023-12-31 00:00:00,2do Semestre 2023
110671,CULTIVOS YADRAN S.A.,141995,2022-09-01 00:00:00,2023-12-31 00:00:00,2do Semestre 2023
110704,"AQUACHILE S.A., EMPRESAS",38490,2023-03-01 00:00:00,2023-12-31 00:00:00,2do Semestre 2023
110722,AUSTRALIS MAR S.A.,50965,2022-12-01 00:00:00,2023-12-31 00:00:00,2do Semestre 2023
110803,AUSTRALIS MAR S.A.,24345,2022-10-01 00:00:00,2023-12-31 00:00:00,2do Semestre 2023
110836,SALMONES BLUMAR S.A.,77854,2022-08-01 00:00:00,2023-12-31 00:00:00,2do Semestre 2023
110918,EXPORTADORA LOS FIORDOS LTDA.,66879,2023-03-01 00:00:00,2023-12-31 00:00:00,2do Semestre 2023
110924,AQUAINNOVO SPA,15332,2023-04-01 00:00:00,2023-12-31 00:00:00,2do Semestre 2023
110944,EXPORTADORA LOS FIORDOS LTDA.,38393,2023-02-01 00:00:00,2023-12-31 00:00:00,2do Semestre 2023
120089,NOVA AUSTRAL S.A.,234006,2022-02-01 00:00:00,2023-12-31 00:00:00,2do Semestre 2023
100446,PRODUCTOS DEL MAR VENTISQUEROS S.A.,37734,2023-04-01 00:00:00,2024-01-31 00:00:00,1er Semestre 2024
100497,SALMONES AYSEN S.A.,23321,2023-03-01 00:00:00,2024-01-31 00:00:00,1er Semestre 2024
100505,TRUSAL S.A.,196662,2023-05-01 00:00:00,2024-01-31 00:00:00,1er Semestre 2024
100680,AQUACHILE MAULLIN LIMITADA,116555,2022-12-01 00:00:00,2024-01-31 00:00:00,1er Semestre 2024
100988,INVERMAR S.A.,54530,2023-01-01 00:00:00,2024-01-31 00:00:00,1er Semestre 2024
101294,AQUACHILE MAULLIN LIMITADA,235313,2023-04-01 00:00:00,2024-01-31 00:00:00,1er Semestre 2024
101768,AQUACHILE MAULLIN LIMITADA,103422,2023-04-01 00:00:00,2024-01-31 00:00:00,1er Semestre 2024
101953,CERMAQ CHILE S.A.,278347,2023-04-01 00:00:00,2024-01-31 00:00:00,1er Semestre 2024
102007,AQUACHILE SPA,51349,2023-06-01 00:00:00,2024-01-31 00:00:00,1er Semestre 2024
102009,AQUACHILE SPA,28879,2023-06-01 00:00:00,2024-01-31 00:00:00,1er Semestre 2024
102083,FIORDO BLANCO S.A.,23552,2023-03-01 00:00:00,2024-01-31 00:00:00,1er Semestre 2024
102385,"AQUACHILE S.A., EMPRESAS",13379,2023-11-01 00:00:00,2024-01-31 00:00:00,1er Semestre 2024
102418,SALMONES CAMANCHACA S.A.,129102,2022-11-01 00:00:00,2024-01-31 00:00:00,1er Semestre 2024
102742,TRUSAL S.A.,171725,2022-11-01 00:00:00,2024-01-31 00:00:00,1er Semestre 2024
102987,CERMAQ CHILE S.A.,137053,2023-03-01 00:00:00,2024-01-31 00:00:00,1er Semestre 2024
103418,PRODUCTOS DEL MAR VENTISQUEROS S.A.,148535,2022-10-01 00:00:00,2024-01-31 00:00:00,1er Semestre 2024
103966,TRUSAL S.A.,88885,2023-04-01 00:00:00,2024-01-31 00:00:00,1er Semestre 2024
110127,AQUACHILE MAULLIN LIMITADA,101512,2023-03-01 00:00:00,2024-01-31 00:00:00,1er Semestre 2024
110186,CERMAQ CHILE S.A.,136538,2022-09-01 00:00:00,2024-01-31 00:00:00,1er Semestre 2024
110202,CERMAQ CHILE S.A.,70875,2022-06-01 00:00:00,2024-01-31 00:00:00,1er Semestre 2024
110207,MOWI CHILE S.A.,70479,2022-09-01 00:00:00,2024-01-31 00:00:00,1er Semestre 2024
110278,CERMAQ CHILE S.A.,139181,2022-10-01 00:00:00,2024-01-31 00:00:00,1er Semestre 2024
110285,SALMONES AYSEN S.A.,88780,2022-12-01 00:00:00,2024-01-31 00:00:00,1er Semestre 2024
110305,SALMONES DE CHILE S.A.,3838,2023-09-01 00:00:00,2024-01-31 00:00:00,1er Semestre 2024
110365,MOWI CHILE S.A.,195145,2022-10-01 00:00:00,2024-01-31 00:00:00,1er Semestre 2024
110434,"AQUACHILE S.A., EMPRESAS",515323,2023-05-01 00:00:00,2024-01-31 00:00:00,1er Semestre 2024
110441,SALMONES BLUMAR S.A.,120389,2022-11-01 00:00:00,2024-01-31 00:00:00,1er Semestre 2024
110454,MULTI X S.A.,166556,2022-11-01 00:00:00,2024-01-31 00:00:00,1er Semestre 2024
110509,SALMONES ANTARTICA S.A.,58499,2022-12-01 00:00:00,2024-01-31 00:00:00,1er Semestre 2024
110553,MULTI X S.A.,63222,2022-12-01 00:00:00,2024-01-31 00:00:00,1er Semestre 2024
110555,EXPORTADORA LOS FIORDOS LTDA.,102703,2023-01-01 00:00:00,2024-01-31 00:00:00,1er Semestre 2024
110582,CERMAQ CHILE S.A.,201431,2022-07-01 00:00:00,2024-01-31 00:00:00,1er Semestre 2024
110638,CULTIVOS YADRAN S.A.,173332,2022-10-01 00:00:00,2024-01-31 00:00:00,1er Semestre 2024
110680,SALMONES BLUMAR S.A.,838925,2022-12-01 00:00:00,2024-01-31 00:00:00,1er Semestre 2024
110698,AUSTRALIS MAR S.A.,27682,2023-01-01 00:00:00,2024-01-31 00:00:00,1er Semestre 2024
110776,"TORNAGALEONES S.A., GRANJA MARINA",12488,2023-03-01 00:00:00,2024-01-31 00:00:00,1er Semestre 2024
110833,INVERMAR S.A.,91748,2022-07-01 00:00:00,2024-01-31 00:00:00,1er Semestre 2024
110928,EXPORTADORA LOS FIORDOS LTDA.,160698,2022-10-01 00:00:00,2024-01-31 00:00:00,1er Semestre 2024
120114,AQUACHILE MAGALLANES SPA.,46317,2022-10-01 00:00:00,2024-01-31 00:00:00,1er Semestre 2024
120134,AUSTRALIS MAR S.A.,146860,2022-06-01 00:00:00,2024-01-31 00:00:00,1er Semestre 2024
100189,CERMAQ CHILE S.A.,331803,2022-09-01 00:00:00,2024-02-29 00:00:00,1er Semestre 2024
100367,SALMONES AYSEN S.A.,134956,2023-05-01 00:00:00,2024-02-29 00:00:00,1er Semestre 2024
100417,SALMOCONCESIONES S.A.,44544,2023-02-01 00:00:00,2024-02-29 00:00:00,1er Semestre 2024
100592,SALMONES AYSEN S.A.,131445,2023-06-01 00:00:00,2024-02-29 00:00:00,1er Semestre 2024
100602,CALETA BAY MAR SpA,107495,2023-04-01 00:00:00,2024-02-29 00:00:00,1er Semestre 2024
101974,SALMONES AYSEN S.A.,119217,2023-04-01 00:00:00,2024-02-29 00:00:00,1er Semestre 2024
102053,PRODUCTOS DEL MAR VENTISQUEROS S.A.,285436,2023-02-01 00:00:00,2024-02-29 00:00:00,1er Semestre 2024
102105,CERMAQ CHILE S.A.,287553,2022-11-01 00:00:00,2024-02-29 00:00:00,1er Semestre 2024
102139,"TORNAGALEONES S.A., GRANJA MARINA",28157,2023-05-01 00:00:00,2024-02-29 00:00:00,1er Semestre 2024
102305,SALMONES AYSEN S.A.,40613,2023-04-01 00:00:00,2024-02-29 00:00:00,1er Semestre 2024
102458,SALMONES AYSEN S.A.,59986,2023-04-01 00:00:00,2024-02-29 00:00:00,1er Semestre 2024
102512,INVERMAR S.A.,135997,2022-08-01 00:00:00,2024-02-29 00:00:00,1er Semestre 2024
110217,"AQUACHILE S.A., EMPRESAS",50102,2022-12-01 00:00:00,2024-02-29 00:00:00,1er Semestre 2024
110270,"AQUACHILE S.A., EMPRESAS",67648,2022-12-01 00:00:00,2024-02-29 00:00:00,1er Semestre 2024
110466,AQUAINNOVO SPA,33448,2023-05-01 00:00:00,2024-02-29 00:00:00,1er Semestre 2024
110510,EXPORTADORA LOS FIORDOS LTDA.,46415,2023-02-01 00:00:00,2024-02-29 00:00:00,1er Semestre 2024
110575,MOWI CHILE S.A.,66469,2022-11-01 00:00:00,2024-02-29 00:00:00,1er Semestre 2024
110595,EXPORTADORA LOS FIORDOS LTDA.,70864,2022-11-01 00:00:00,2024-02-29 00:00:00,1er Semestre 2024
110731,EXPORTADORA LOS FIORDOS LTDA.,85819,2023-07-01 00:00:00,2024-02-29 00:00:00,1er Semestre 2024
110734,EXPORTADORA LOS FIORDOS LTDA.,42175,2023-07-01 00:00:00,2024-02-29 00:00:00,1er Semestre 2024
110772,SALMONES CAMANCHACA S.A.,22802,2023-01-01 00:00:00,2024-02-29 00:00:00,1er Semestre 2024
110811,AUSTRALIS MAR S.A.,35299,2023-02-01 00:00:00,2024-02-29 00:00:00,1er Semestre 2024
110954,SALMONES ANTARTICA S.A.,141539,2023-01-01 00:00:00,2024-02-29 00:00:00,1er Semestre 2024
120181,MULTIEXPORT PATAGONIA S.A.,60698,2022-09-01 00:00:00,2024-02-29 00:00:00,1er Semestre 2024
100596,SALMONES ANTARTICA S.A.,218674,2023-02-01 00:00:00,2024-03-31 00:00:00,1er Semestre 2024
101003,MOWI CHILE S.A.,33081,2022-12-01 00:00:00,2024-03-31 00:00:00,1er Semestre 2024
101308,MULTI X S.A.,236431,2023-02-01 00:00:00,2024-03-31 00:00:00,1er Semestre 2024
101936,SALMONES AYSEN S.A.,89142,2023-05-01 00:00:00,2024-03-31 00:00:00,1er Semestre 2024
102066,CERMAQ CHILE S.A.,53722,2022-12-01 00:00:00,2024-03-31 00:00:00,1er Semestre 2024
110242,AQUACHILE MAULLIN LIMITADA,221840,2023-06-01 00:00:00,2024-03-31 00:00:00,1er Semestre 2024
110261,COOKE AQUACULTURE CHILE S.A.,78876,2023-01-01 00:00:00,2024-03-31 00:00:00,1er Semestre 2024
110397,AQUACHILE SPA,65694,2023-03-01 00:00:00,2024-03-31 00:00:00,1er Semestre 2024
110565,MOWI CHILE S.A.,124467,2022-12-01 00:00:00,2024-03-31 00:00:00,1er Semestre 2024
110717,AUSTRALIS MAR S.A.,58441,2023-03-01 00:00:00,2024-03-31 00:00:00,1er Semestre 2024
110749,SALMONES PACIFIC STAR S.A.,42930,2023-02-01 00:00:00,2024-03-31 00:00:00,1er Semestre 2024
110832,CULTIVOS YADRAN S.A.,87924,2023-01-01 00:00:00,2024-03-31 00:00:00,1er Semestre 2024
110899,"TORNAGALEONES S.A., GRANJA MARINA",55330,2022-12-01 00:00:00,2024-03-31 00:00:00,1er Semestre 2024
120112,CERMAQ CHILE S.A.,34053,2022-09-01 00:00:00,2024-03-31 00:00:00,1er Semestre 2024
120115,CERMAQ CHILE S.A.,62488,2022-07-01 00:00:00,2024-03-31 00:00:00,1er Semestre 2024
120135,AUSTRALIS MAR S.A.,56688,2022-10-01 00:00:00,2024-03-31 00:00:00,1er Semestre 2024
120136,AUSTRALIS MAR S.A.,41289,2022-11-01 00:00:00,2024-03-31 00:00:00,1er Semestre 2024
100982,SALMOCONCESIONES S.A.,57911,2023-03-01 00:00:00,2024-04-30 00:00:00,1er Semestre 2024
101925,CALETA BAY MAR SpA,205457,2023-05-01 00:00:00,2024-04-30 00:00:00,1er Semestre 2024
102041,CERMAQ CHILE S.A.,48452,2023-02-01 00:00:00,2024-04-30 00:00:00,1er Semestre 2024
102104,SALMONES ANTARTICA S.A.,201835,2023-03-01 00:00:00,2024-04-30 00:00:00,1er Semestre 2024
102682,SALMONES CAMANCHACA S.A.,22761,2023-04-01 00:00:00,2024-04-30 00:00:00,1er Semestre 2024
103704,CALETA BAY MAR SpA,223860,2023-06-01 00:00:00,2024-04-30 00:00:00,1er Semestre 2024
110214,"AQUACHILE S.A., EMPRESAS",118917,2023-01-01 00:00:00,2024-04-30 00:00:00,1er Semestre 2024
110433,AQUACHILE SPA,6014,2023-12-01 00:00:00,2024-04-30 00:00:00,1er Semestre 2024
110492,SALMONES CAMANCHACA S.A.,42622,2023-02-01 00:00:00,2024-04-30 00:00:00,1er Semestre 2024
110507,EXPORTADORA LOS FIORDOS LTDA.,42840,2023-04-01 00:00:00,2024-04-30 00:00:00,1er Semestre 2024
110650,SALMONES BLUMAR S.A.,93305,2023-02-01 00:00:00,2024-04-30 00:00:00,1er Semestre 2024
110657,AQUAINNOVO SPA,3798,2023-12-01 00:00:00,2024-04-30 00:00:00,1er Semestre 2024
110740,EXPORTADORA LOS FIORDOS LTDA.,88605,2023-03-01 00:00:00,2024-04-30 00:00:00,1er Semestre 2024
110857,AUSTRALIS MAR S.A.,75888,2023-04-01 00:00:00,2024-04-30 00:00:00,1er Semestre 2024
110900,INVERMAR S.A.,125211,2022-07-01 00:00:00,2024-04-30 00:00:00,1er Semestre 2024
120069,NOVA AUSTRAL S.A.,110029,2022-05-01 00:00:00,2024-04-30 00:00:00,1er Semestre 2024
120153,MULTIEXPORT PATAGONIA S.A.,139736,2022-11-01 00:00:00,2024-04-30 00:00:00,1er Semestre 2024
101262,CALETA BAY MAR SpA,86219,2023-05-01 00:00:00,2024-05-31 00:00:00,1er Semestre 2024
101279,SALMOCONCESIONES S.A.,287899,2023-07-01 00:00:00,2024-05-31 00:00:00,1er Semestre 2024
101296,"AQUACHILE S.A., EMPRESAS",83146,2023-04-01 00:00:00,2024-05-31 00:00:00,1er Semestre 2024
102008,AQUAINNOVO SPA,5431,2024-02-01 00:00:00,2024-05-31 00:00:00,1er Semestre 2024
102073,"AQUACHILE S.A., EMPRESAS",2832,2024-02-01 00:00:00,2024-05-31 00:00:00,1er Semestre 2024
102085,AQUAINNOVO SPA,17078,2024-02-01 00:00:00,2024-05-31 00:00:00,1er Semestre 2024
102504,CERMAQ CHILE S.A.,140980,2023-02-01 00:00:00,2024-05-31 00:00:00,1er Semestre 2024
102907,AQUACHILE SPA,11520,2024-02-01 00:00:00,2024-05-31 00:00:00,1er Semestre 2024
103528,MULTI X S.A.,150233,2023-01-01 00:00:00,2024-05-31 00:00:00,1er Semestre 2024
110126,AQUACHILE SPA,76269,2023-03-01 00:00:00,2024-05-31 00:00:00,1er Semestre 2024
110525,MOWI CHILE S.A.,36358,2023-02-01 00:00:00,2024-05-31 00:00:00,1er Semestre 2024
110627,SALMONES BLUMAR S.A.,139621,2023-02-01 00:00:00,2024-05-31 00:00:00,1er Semestre 2024
110727,AUSTRALIS MAR S.A.,106978,2023-05-01 00:00:00,2024-05-31 00:00:00,1er Semestre 2024
110880,CULTIVOS YADRAN S.A.,75324,2023-04-01 00:00:00,2024-05-31 00:00:00,1er Semestre 2024
110897,COOKE AQUACULTURE CHILE S.A.,155853,2023-04-01 00:00:00,2024-05-31 00:00:00,1er Semestre 2024
100124,AQUACHILE MAULLIN LIMITADA,101652,2023-06-01 00:00:00,2024-06-30 00:00:00,1er Semestre 2024
100220,AQUACHILE SPA,6846,2024-03-01 00:00:00,2024-06-30 00:00:00,1er Semestre 2024
101942,MULTI X S.A.,96884,2023-04-01 00:00:00,2024-06-30 00:00:00,1er Semestre 2024
101991,INVERMAR S.A.,109920,2023-01-01 00:00:00,2024-06-30 00:00:00,1er Semestre 2024
102149,CULTIVOS YADRAN S.A.,134353,2023-05-01 00:00:00,2024-06-30 00:00:00,1er Semestre 2024
102262,SALMONES CAMANCHACA S.A.,43511,2023-05-01 00:00:00,2024-06-30 00:00:00,1er Semestre 2024
102906,AQUACHILE SPA,6561,2024-04-01 00:00:00,2024-06-30 00:00:00,1er Semestre 2024
103312,AQUACHILE SPA,6174,2024-04-01 00:00:00,2024-06-30 00:00:00,1er Semestre 2024
103452,CALETA BAY MAR SpA,94741,2023-07-01 00:00:00,2024-06-30 00:00:00,1er Semestre 2024
110350,SALMONES ANTARTICA S.A.,77677,2023-05-01 00:00:00,2024-06-30 00:00:00,1er Semestre 2024
110351,SALMONES ANTARTICA S.A.,119247,2023-07-01 00:00:00,2024-06-30 00:00:00,1er Semestre 2024
110435,AQUACHILE SPA,1809,2024-02-01 00:00:00,2024-06-30 00:00:00,1er Semestre 2024
110513,MULTI X S.A.,103634,2023-03-01 00:00:00,2024-06-30 00:00:00,1er Semestre 2024
110550,MULTI X S.A.,87042,2023-04-01 00:00:00,2024-06-30 00:00:00,1er Semestre 2024
110830,AUSTRALIS MAR S.A.,152214,2023-06-01 00:00:00,2024-06-30 00:00:00,1er Semestre 2024
110860,SALMONES CAMANCHACA S.A.,92709,2023-03-01 00:00:00,2024-06-30 00:00:00,1er Semestre 2024
120138,AUSTRALIS MAR S.A.,96647,2023-02-01 00:00:00,2024-06-30 00:00:00,1er Semestre 2024
120141,AQUACHILE MAGALLANES SPA.,66931,2023-01-01 00:00:00,2024-06-30 00:00:00,1er Semestre 2024
100615,"TORNAGALEONES S.A., GRANJA MARINA",29175,2023-03-01 00:00:00,2024-12-31 00:00:00,2do Semestre 2023

