date,field,oil_bbl,gas_mscf,water_cut_pct,reservoir_pressure_psi,reservoir_temperature_c,well_depth_m
2023-01-01,Safaniya,94610.30979647073,82543.95919033981,20.402906546167205,4267.535109988819,109.91246596319571,3387.63639474571
2023-01-02,Khursaniyah,79792.0913485375,38758.772782767104,24.075593006739822,3703.911523991164,125.55207535988893,3100.611832130198
2023-01-03,Ghawar,109826.71342154061,114234.85046785824,19.082854794583014,4615.49578825842,110.42098849193268,3492.0854715955534
2023-01-04,Ghawar,127284.51845780984,98652.86282745942,35.79001668277478,4022.985655621043,108.82686366530909,3391.3073546889314
2023-01-05,Khursaniyah,83659.24136103905,32828.25888948132,34.13725771469241,2855.122384181049,104.60665258316345,2555.812774624234
2023-01-06,Khursaniyah,76681.60634992221,67857.49393704804,33.735034118643725,5368.9093355645,104.79253128210767,2957.4854751607973
2023-01-07,Ghawar,118993.90905089807,92200.94692320978,43.52969347262908,3144.5259503272723,101.14009509630864,3607.8777680725407
2023-01-08,Khursaniyah,70320.55767359414,50562.59490977157,29.72786673731471,3895.3869273466107,115.63892754818384,3191.8792475997016
2023-01-09,Shaybah,102574.16535591293,87751.38047036288,36.90356247404992,3161.421922665382,109.26650526275218,3639.62292388794
2023-01-10,Khursaniyah,84868.99413354197,54668.440747874134,34.66831993874493,2654.7422433836546,109.40309386993619,2817.1943285321454
2023-01-11,Ghawar,126250.93194591384,72925.90850406095,46.26844799086561,4097.874528250163,97.57366836856824,3514.931614005804
2023-01-12,Safaniya,107873.7944917614,84287.3379142372,31.49439945320696,3120.2801021735536,98.37060582166747,3614.9450062390765
2023-01-13,Shaybah,88904.75244657902,67945.29445735374,24.10273550977098,4679.649583305513,117.49228681173534,3442.0873535453397
2023-01-14,Safaniya,109928.47855031292,108856.7830829098,15.989940251341265,3445.679794032182,100.99604983541379,2599.8080361788316
2023-01-15,Shaybah,75507.09422656325,59249.263803266316,35.001355069475316,4892.565770167827,103.05546190251832,2771.7800626355697
2023-01-16,Safaniya,91026.48534528661,42431.66507938832,37.02755026878673,3478.355462164966,107.62963490326104,3489.5342950267786
2023-01-17,Shaybah,74058.78922459493,43237.82521692097,33.79235515921526,4332.369848429068,106.80867334715425,3397.088240485667
2023-01-18,Ghawar,117613.68875269577,92385.85842058387,19.21445966758163,3277.0989500606165,103.35993103458117,3460.1165295618443
2023-01-19,Ghawar,117941.74677765391,95063.06705551036,19.819500326975636,3881.9886560273917,109.32506956645547,3183.9756186715385
2023-01-20,Ghawar,133980.16441173246,133228.61141327553,14.015887472487695,3577.3588599463465,107.23719084763162,4217.832110155497
2023-01-21,Khursaniyah,89687.51187827736,90671.06906341291,28.796363674421855,4253.18405651242,107.11874143682387,3613.346987320408
2023-01-22,Ghawar,138646.56602788452,83237.31283935989,22.928405674438523,3802.265454429029,104.92929860243557,3158.8775471559725
2023-01-23,Safaniya,93622.23748001954,52429.218968938134,14.350376866410933,3828.522553639384,113.23883924135673,3409.9040361249245
2023-01-24,Safaniya,115144.07660525414,70770.17797224766,25.75232358212542,4462.2418012096305,94.28642158539003,3074.137953382394
2023-01-25,Safaniya,103112.01770138623,73655.4203575305,21.147250649068624,4214.660297014341,106.10389103339922,3576.571582793898
2023-01-26,Khursaniyah,88227.13684061791,69654.69199643232,16.592422382947554,4208.391418324995,94.5222352768218,3249.5583372259207
2023-01-27,Ghawar,139258.89792840937,124943.27358909498,7.286340506196204,4649.146521335827,89.5168577846423,3107.8787018579405
2023-01-28,Safaniya,101834.28465276254,89907.63739710223,29.18377791196988,4470.642247154706,97.3753509149683,3286.06729481766
2023-01-29,Khursaniyah,71762.1584517692,38354.14187362338,33.127100568817255,4435.0644641562985,103.10960332979592,2533.9461382301006
2023-01-30,Shaybah,97057.02597484326,82154.47264207191,28.974551474958826,4216.43091446146,114.02755212172815,3012.19026414285
2023-01-31,Safaniya,89205.052609293,65969.91792273923,21.58733970622236,3362.886332296039,97.60814822746661,3185.486447522672
2023-02-01,Khursaniyah,61842.55936180064,51388.74991051716,31.480644331882385,4182.043932235531,107.98936894819217,3531.1329985710872
2023-02-02,Shaybah,96505.77366203174,66823.14305718093,31.573397744682136,4302.465519201552,94.47707471896922,2997.425169845581
2023-02-03,Shaybah,96878.28207623691,59921.24856465918,27.5741057938978,4076.5193018773466,101.9227609808182,3055.9170398238152
2023-02-04,Ghawar,136513.15165031375,121037.1316138512,37.710824878556245,3725.442072331383,116.48546277138598,3308.4362854974343
2023-02-05,Khursaniyah,76399.81214868999,46514.05186079376,23.893754303220277,3765.5864358645335,115.5571207794941,3156.0775248794153
2023-02-06,Khursaniyah,66894.10982927583,52798.01460171897,19.84326604097579,4196.4298553036915,111.24658531025946,3158.8313932781402
2023-02-07,Khursaniyah,77303.82446330404,48415.37843902723,46.414135833602856,5465.985948493398,109.97157322159991,3742.024911339219
2023-02-08,Khursaniyah,69587.70025024483,51596.545696445704,8.18067508225441,4564.512974016482,110.07765464389196,3227.4577344254235
2023-02-09,Safaniya,92657.836036391,80373.78664931483,26.031005501373425,4686.852806785455,86.51486018616718,2926.6723110257385
2023-02-10,Safaniya,86641.16438016163,83503.25891202908,22.629448153197046,4408.013687160527,105.68463407831688,3138.364028648814
2023-02-11,Ghawar,124933.78818134584,75803.44301971677,31.752406274963384,4027.400775212299,92.72633035965565,3734.9356233925587
2023-02-12,Khursaniyah,68470.1279274178,52472.03865122224,23.488038614405106,4613.876175539158,100.15969502845891,3609.311848712032
2023-02-13,Shaybah,89640.7075222195,79324.14785132819,27.31365238895213,4547.722968873073,106.98066322039303,3917.7166021905264
2023-02-14,Shaybah,98121.81844199158,50426.68279243179,40.43217709411916,3822.5967632147367,100.75664605484843,3259.9579025185726
2023-02-15,Ghawar,120173.11915365218,90902.02140789272,14.567148922609814,3852.914883255101,108.21205527989942,2903.5897915726327
2023-02-16,Ghawar,127670.3633348119,117399.2225163465,22.838747841837147,3214.2010489492927,105.03197705202973,3202.8874928640303
2023-02-17,Khursaniyah,62587.283575331465,42936.408089447395,30.92547117232139,3697.5782743756026,111.31846039949966,2842.636626177112
2023-02-18,Ghawar,125658.27122187513,88058.25382052764,41.181439329014246,5159.709676952966,99.02398965457225,3241.2066164159232
2023-02-19,Shaybah,95102.4817349153,81012.19444818901,19.406156430876095,4628.581159393439,105.29089821204585,2998.731306679749
2023-02-20,Ghawar,151768.31446474328,83174.94157849712,40.01166370548105,4461.6689372149785,108.72807897730593,3363.7878765840383
2023-02-21,Khursaniyah,88718.61776455899,79863.73822796419,21.472058097079096,4144.890647229824,94.10106752763343,3311.1700674781764
2023-02-22,Ghawar,143307.55884186373,108347.57031248994,25.154979653881668,4474.101347633614,107.297549796908,3369.7303329843044
2023-02-23,Ghawar,131850.62419609292,72051.42335245489,60.15445516945814,3863.5799282646303,105.03260397083028,3378.946072435839
2023-02-24,Safaniya,116793.76489212517,123986.44518144891,20.48843657403955,5000.791601882908,117.42188587553088,3488.1444553988167
2023-02-25,Safaniya,122501.33405729859,93476.41488443845,37.959133782207985,4556.653790444911,101.13475527551911,3248.494533434105
2023-02-26,Khursaniyah,78166.55191086676,56110.79719118576,27.793588405370162,4608.7854695102105,99.85241973203448,3314.681805698156
2023-02-27,Safaniya,110017.54347656143,98389.68613549395,27.243959309748654,5578.6129072842905,113.9622059110732,3104.7013807969147
2023-02-28,Ghawar,120793.37683565245,94025.36040552668,31.441289790676286,3494.663424940308,120.46775878038396,3152.515071093658
2023-03-01,Ghawar,135284.10812813765,103908.65314198306,36.650478703852485,4051.602164771293,113.5551143382843,3562.758474577032
2023-03-02,Khursaniyah,83131.11954996511,43637.10076702267,43.29209473421207,4785.222565893038,98.89988518630419,3403.1645953361544
2023-03-03,Ghawar,139565.14836700232,124058.58737654261,26.254504752535638,4228.619603436102,110.16620534415897,3106.769381992064
2023-03-04,Shaybah,70910.310793488,67614.49663786218,21.47956315050377,3809.2555337094755,89.63531409218301,3433.8296972058515
2023-03-05,Khursaniyah,70416.202936121,57248.87806147565,29.262011218506817,4074.2360553596122,111.23702161631282,3308.6612733883526
2023-03-06,Ghawar,143990.23611274478,90704.44331008868,28.723430930771467,4484.511949617752,94.82567520647439,3962.7468723681977
2023-03-07,Ghawar,122565.83717457532,78634.21742231809,19.085172177593236,3796.5942539275056,94.72297242806346,3759.8744503494654
2023-03-08,Ghawar,129284.87825294583,80228.7780702342,34.810499906656034,4206.169940719494,98.58856372773248,3305.9326047470718
2023-03-09,Ghawar,131532.6362388847,84603.22092661055,30.035618349796547,3352.8056891043775,112.55567285964395,3067.5001962178226
2023-03-10,Safaniya,89849.91344753515,73358.44753080145,35.32164567302362,3729.174336820446,100.26235500638944,2921.2185069929365
2023-03-11,Shaybah,102139.7277081765,40146.18952894039,36.861769381232335,3707.6077688644186,107.84096674365219,3502.385266760269
2023-03-12,Ghawar,127331.26236385532,90462.01804226059,12.367555318344511,3098.0979974557968,102.31399506764379,3587.3255802748827
2023-03-13,Ghawar,135868.65165842217,122791.49614570354,38.31080383517775,3656.600144594847,105.33927762064889,3324.2374299586045
2023-03-14,Khursaniyah,75528.8208839947,51969.03481298269,36.35619670249706,4330.72379125435,106.77647038268555,3363.49362050612
2023-03-15,Khursaniyah,67195.45626828398,51441.938350293094,42.51281453388203,5175.615551368033,109.85381187465379,3918.5975296722477
2023-03-16,Safaniya,110966.55133434116,60677.27980715462,33.64923367849725,4831.237114832883,93.70545037020327,3517.911888272902
2023-03-17,Ghawar,128531.84050622102,120379.55102309487,21.832893573934257,4441.0820754945225,104.39494119641479,3474.299765106151
2023-03-18,Ghawar,115395.98956200128,57323.77592116586,21.590658387694496,3979.860824640018,119.56344946189424,2916.524649488785
2023-03-19,Khursaniyah,68538.28743685628,54775.48358942784,33.45732604087988,3777.771338126069,99.97733160582479,3456.6076859721843
2023-03-20,Shaybah,86732.8362356164,66097.56030703278,31.331893472003586,5572.146752711087,117.89698158739364,3274.0653818187175
2023-03-21,Ghawar,131569.2050558161,138391.03405435188,29.987940284717205,3405.5640607975724,93.10532588814922,2968.218852374235
2023-03-22,Khursaniyah,70251.40201960158,58618.445160984935,14.041006644363783,3439.815362580307,100.93776402619238,3332.5298865886975
2023-03-23,Ghawar,138427.1820515207,107073.60400982786,25.07104147482043,4272.881619425111,109.41154008943373,3258.154515350681
2023-03-24,Khursaniyah,81338.4306692912,59689.99117113865,23.506927524763242,3475.58359884958,97.34997935380515,3265.0501783353006
2023-03-25,Khursaniyah,80075.83366089074,42168.27707639302,28.741975811991196,5092.073846471808,113.85779696477888,3856.3494917248395
2023-03-26,Khursaniyah,73457.57157324528,69846.74567404158,29.030230471804607,3418.8623294681956,109.90417214086806,3507.0860191447873
2023-03-27,Ghawar,127009.5617133316,48069.37098669673,35.84381821649706,4170.102448721139,106.09908741104833,3227.7458254139215
2023-03-28,Khursaniyah,74652.46554574967,69024.83588169758,12.200219185796982,4925.695237142054,94.74766521253758,3496.3559370688804
2023-03-29,Khursaniyah,71813.10224725741,40773.097038101754,22.62626978889089,3971.5579580066146,102.14645234690735,2973.221358356205
2023-03-30,Ghawar,131675.26813292978,99966.06304655396,22.901794171224402,4401.847240486728,107.09705253789423,3011.7137693739883
2023-03-31,Ghawar,118563.3175133564,99455.13932148764,35.65258707112311,4115.096397989528,103.59401066236572,3599.2491723913136
2023-04-01,Ghawar,115909.21064305614,101850.39245366333,12.109239031380511,5583.3372476243685,88.19142256742917,3070.405422073293
2023-04-02,Safaniya,103702.88426001713,66967.22486499287,31.92796587146841,3259.5673116281987,100.74192922424227,3436.7758778545876
2023-04-03,Safaniya,92490.4958969102,48278.11130101869,25.3662457591524,3572.387781433249,104.92960069429243,2916.111928475269
2023-04-04,Shaybah,85228.84085262216,66154.17258110082,4.109692037810419,3644.523029650947,94.71833770180646,3224.916433263859
2023-04-05,Shaybah,75956.3002568265,50341.00990448639,28.97277419892729,5024.852238510856,98.14865745576016,2924.059582665319
2023-04-06,Khursaniyah,61546.47633466236,38446.00625362915,42.45837336087044,3706.5299023518646,102.00821844339629,2967.9469426466317
2023-04-07,Khursaniyah,60391.66760233619,46451.542775964874,31.87221680072001,4984.5039391637265,100.04090002558671,3042.4930191868943
2023-04-08,Safaniya,112295.21079955158,80178.58038441087,16.338579367761827,3202.2007951402106,119.8367884114252,3080.8394583226186
2023-04-09,Khursaniyah,88637.61278039668,48991.32954270373,17.154312350125995,3203.3657214407476,97.2549387256822,3043.954679259876
2023-04-10,Khursaniyah,71655.5567740447,63126.7776873624,9.935539491360473,4079.5457987949135,96.27870004172094,3355.256808246168
2023-04-11,Safaniya,95902.21631081623,88590.20750300854,38.10542703410279,4297.902082155801,105.10967041438643,3098.4147257331642
2023-04-12,Khursaniyah,76289.54740972744,52188.97015104167,21.712763892777303,3869.314848134467,108.41797260966854,2982.9412390402913
2023-04-13,Safaniya,101416.62389495087,88215.23947301038,30.43900363495688,3696.684976314286,108.37633187025216,3511.0413388635366
2023-04-14,Ghawar,136394.12024038474,83710.68882124366,18.05563068725515,3871.6586600380124,95.74701231587757,3025.5963760008253
2023-04-15,Safaniya,103499.34655054432,98506.89566954033,38.92442327105532,3421.313698548874,103.80019458109385,2972.44000199419
2023-04-16,Ghawar,104815.8046201529,74301.52941950198,31.390975863345584,4093.539452815679,101.76251357377822,3245.1452081854245
2023-04-17,Safaniya,100292.93340746762,52128.541898064504,27.307770144141116,3808.3533298927096,103.40019150835697,3818.3583223851065
2023-04-18,Shaybah,95663.98434066812,76191.28222996357,29.1511257231241,4754.902241074495,104.24139932680953,3183.6977536604377
2023-04-19,Khursaniyah,70286.60170542827,35046.68184584308,21.777483170431452,4526.94152241267,92.6793392277538,2167.402539869471
2023-04-20,Shaybah,79909.35955884718,51311.48024331784,19.804510004284822,4720.558988580082,99.61456538869984,3150.3393827986497
2023-04-21,Shaybah,91561.3457806531,76368.94327184872,34.86477410110489,4164.349716918751,98.11815281243028,3282.3682353290715
2023-04-22,Ghawar,120887.35080013843,106732.27432086082,24.803097495810434,4929.645467171648,115.69059444792642,3339.193694314962
2023-04-23,Shaybah,78184.91301626296,54828.12110547601,32.510705895349396,3877.313529167823,99.27475980262497,3475.4055706545273
2023-04-24,Khursaniyah,84685.41736548215,66614.5431984129,29.527240571314763,6759.942919050704,86.91867868742561,2850.195631873034
2023-04-25,Safaniya,78218.44719255852,72022.1530887106,21.776671204674862,3675.6177086677144,104.3243648129976,3579.342974399401
2023-04-26,Safaniya,107091.55929303801,91748.9243258981,36.30118337533607,3875.1543239027556,114.39272941380818,3299.131485854777
2023-04-27,Shaybah,84286.0646217342,60353.70439466952,21.00688162632491,3754.225122998894,106.99910264558773,3571.5328920779652
2023-04-28,Khursaniyah,83292.31337564178,66500.58206026116,27.779708487972464,3914.623197343472,111.87071766693266,3138.4116169261183
2023-04-29,Safaniya,112939.36090049786,105486.24311602693,18.430531569919616,3723.5070931496516,107.41177672984824,3200.277396249163
2023-04-30,Ghawar,114403.87551767011,86861.43852851541,21.294724116532326,3263.496737558578,98.15015951473237,3486.315985489385
2023-05-01,Safaniya,102732.07794607192,71928.83487964464,19.948291843298563,4700.590295373124,107.62987556775208,3757.2324363268513
2023-05-02,Khursaniyah,76024.38073237069,54438.603883464435,32.966872243408304,3496.740426117345,111.13843224432509,3898.2662091543457
2023-05-03,Shaybah,95502.35604228823,91921.4158944641,25.834139445702345,4861.856097886876,99.90424083872206,3327.144450622799
2023-05-04,Safaniya,102526.09148051857,105316.2917330382,11.900605555083033,5025.7373632030185,100.85167768010994,3673.6531203479612
2023-05-05,Safaniya,95204.50604337468,47601.66325997422,37.11218446538652,3547.3494578802784,105.49189794877424,3423.6278440183305
2023-05-06,Ghawar,123097.04117134685,78519.61417244043,30.418822183016985,4428.060943287838,108.55087494971639,3075.989251795074
2023-05-07,Shaybah,87984.53445740162,65252.99941178697,32.855559425258264,4122.794709490324,100.52662087848711,3143.7853987157087
2023-05-08,Khursaniyah,66466.50862250007,32959.18229184761,21.82937534329609,4579.057768081794,87.83988727065389,3615.262661890079
2023-05-09,Khursaniyah,75059.39389656526,41500.35474465492,37.388643481005865,3813.501528103251,114.29143592555201,3726.518654662946
2023-05-10,Shaybah,85633.12026986787,50343.441374429225,20.205801191789103,3935.4868866939028,96.79367399887046,3162.8879061126404
2023-05-11,Safaniya,88999.53775838057,66116.50601328092,32.112705988990584,4078.130099357889,95.90788318439384,2881.1961915279694
2023-05-12,Ghawar,135623.11943151348,88902.1197736017,38.06663188902915,3788.472171155811,102.93910426284015,2916.9202904451913
2023-05-13,Shaybah,87477.89953657133,47758.238007942375,33.20388008594856,4364.216781048821,108.45589983253839,3198.2832177738674
2023-05-14,Khursaniyah,61556.041852805254,45241.886256598445,28.45442977447805,3793.677172504954,104.59122589828901,3751.4025560252367
2023-05-15,Safaniya,84045.38922376219,65050.587793366314,30.100471568993946,3954.5425305817953,101.00184575017339,2773.6812972992375
2023-05-16,Safaniya,104967.52564291137,75166.04321970725,21.5492767523254,3717.242637677693,94.85767673743666,3456.7030173541516
2023-05-17,Shaybah,85044.4739670732,70030.24190431647,37.04737189410788,4526.055065258102,117.11328938200926,3048.6529982833863
2023-05-18,Ghawar,141300.4894018586,122915.46697851714,4.07827987539401,4010.2083831425034,105.56164967369635,3121.400583507734
2023-05-19,Ghawar,117654.48045722832,84432.90883038749,25.818180590656066,4063.7858796687865,111.51341961699349,3325.692208554457
2023-05-20,Ghawar,145252.45864167932,91707.92653591646,13.177403467889285,3655.9546168254615,101.01423968577119,3343.9315842718356
2023-05-21,Ghawar,112214.95522720767,49449.362402443345,35.37058583175829,3611.0096476341114,108.71633016136899,3401.252253788558
2023-05-22,Safaniya,91043.65282516163,36985.85821879842,21.809278315353474,3797.8279776538166,104.74235265151671,3286.7621139211506
2023-05-23,Shaybah,90490.50457548081,55545.410780524486,31.209079844698884,4198.369736828037,117.50742910449277,3131.763287484075
2023-05-24,Khursaniyah,75418.8060728596,55331.267737025606,48.38741301661623,2801.8679393077714,118.6845708826997,3175.362045053347
2023-05-25,Shaybah,79683.92683886421,71621.85060824866,29.512530030507552,4226.754818549942,102.92142710785818,3261.9783187129765
2023-05-26,Ghawar,129518.58058936251,105776.2929744257,22.699941401061594,4189.676022643767,101.03190371385756,2957.4030555200407
2023-05-27,Safaniya,98133.79116499226,54075.91144652139,14.410026736588147,3602.196079920045,98.8997828193436,3491.5260150465315
2023-05-28,Ghawar,149548.04427941763,102800.45885496098,30.1960164784961,4153.066821746361,96.5665084350539,3129.184609756249
2023-05-29,Khursaniyah,80232.1917009054,48205.80724579334,37.73932625773431,4759.080551366225,103.45978866347906,3153.9762379399212
2023-05-30,Safaniya,95182.98715751103,76237.25779683284,18.39685703276986,3752.7143230727356,107.65563450412006,2867.070885527736
2023-05-31,Safaniya,96924.95640002459,71674.66239516706,21.169486717624185,4170.587685053346,109.89907862712255,3556.342104908813
2023-06-01,Safaniya,86686.68431818666,86626.6495342163,39.19988441058246,4252.175090223967,104.15699990156676,3290.8949277843667
2023-06-02,Ghawar,121169.3703902524,82357.42210203846,27.911740042039213,3374.235288409579,103.29216968514439,3332.633323562342
2023-06-03,Ghawar,114546.97943399566,89064.01197898218,24.29837555721379,3950.9222695096432,109.73070428610194,3583.803811498388
2023-06-04,Shaybah,74947.50182457732,62056.194648684956,44.8815684759969,4499.702932585923,111.83999544377507,3936.0777507619932
2023-06-05,Shaybah,92170.77163378154,73302.19865294179,27.862088650516565,3631.257251362101,118.61601326459173,4035.1142556250797
2023-06-06,Safaniya,93458.20063932339,70562.3226892003,29.56225209986486,4835.532238876213,101.16447777069291,3347.343690696668
2023-06-07,Safaniya,115822.78950970662,75831.40446170961,23.777455421973126,3678.1012813497277,99.05856949452334,3469.3819104932268
2023-06-08,Khursaniyah,80232.48023155754,59746.55516145851,34.23787626084669,3715.011184046632,110.65187325035231,3465.147499514696
2023-06-09,Ghawar,135786.4788894222,57221.12824711897,19.44936150030076,4837.13293011981,112.45267082977362,3030.048924810177
2023-06-10,Khursaniyah,86165.96968729586,55459.16774388825,23.394553318878277,4180.143350818147,120.35006517382463,3647.2627043960206
2023-06-11,Safaniya,109697.36818585727,90525.24809171523,31.884288205819875,4499.113838694931,105.47512668102519,3203.5222706245304
2023-06-12,Safaniya,103342.6056895369,89193.35599831921,30.715391757892377,3695.735616750766,99.64140906505712,3599.4077546504755
2023-06-13,Khursaniyah,71467.52942338382,59501.7671502287,36.696403786037834,3232.7934651535707,91.53999686283994,3467.7796114012385
2023-06-14,Khursaniyah,80077.30274620609,52061.3132513804,45.534616766078784,4187.530104646824,94.27569352419756,3758.0181397355973
2023-06-15,Ghawar,107897.88328637276,118239.99789023618,24.538711526792575,5509.130810339433,108.60293921313199,2629.369213271513
2023-06-16,Ghawar,137736.1627712999,111680.84566641865,10.114481886160785,3366.384177411853,117.81311926832412,3117.3436516667603
2023-06-17,Ghawar,129007.89048646322,84564.73607330398,24.84646598347065,5242.555271467139,110.39210776874516,3371.3658688636333
2023-06-18,Shaybah,97792.89423682887,85248.9401318422,42.32860535723024,4388.637493391974,99.96820056890856,2899.490545857203
2023-06-19,Khursaniyah,77287.95012472272,58752.5976512985,30.361727883230763,3299.095288977282,114.5876001602786,3374.6247727283276
2023-06-20,Khursaniyah,91590.16124633414,91119.61205404603,54.04913881134573,5269.079028260228,103.5800736259629,3393.5829003644108
2023-06-21,Khursaniyah,66742.76651569377,38858.96593881749,23.460745704832213,3895.0768268071215,105.32349472804063,2960.193768619802
2023-06-22,Safaniya,108063.31426089056,99696.29395243427,21.43500425671321,3636.500873024551,111.21875329883486,3216.614105000586
2023-06-23,Safaniya,84770.14747273213,73616.69211685898,6.381288621989924,3648.7446387349505,110.7605194135407,3154.9525701602015
2023-06-24,Khursaniyah,58091.76069294775,51771.22113868773,18.239584358217968,3238.2950693297535,92.13722638881582,3090.088794986477
2023-06-25,Safaniya,90907.58038408041,62039.54219729811,26.544854634373046,3798.8140395013293,98.36593669698959,3340.5140763311315
2023-06-26,Ghawar,130406.18821296192,75193.62928964953,16.61916119151278,5045.363967203873,114.52828036965484,3912.7183578462036
2023-06-27,Ghawar,126030.37946334716,97464.74638870974,9.621162500952032,4624.760934909376,102.75688152165915,3120.4933001010304
2023-06-28,Ghawar,113112.45857049295,96523.96981861326,36.25154409445834,4821.970761679974,106.36311331550132,3211.20199809223
2023-06-29,Ghawar,148149.91303360998,111406.6694535782,55.88062605388627,4303.386645217476,123.60985184865638,3626.1825214236783
2023-06-30,Shaybah,98498.18026412826,38269.84715460709,39.12443902692202,3522.8329898764628,101.7797182854866,3237.0580406896615
2023-07-01,Safaniya,97704.17969511577,66455.286633138,21.654319992076246,4561.097279552644,100.43467061353921,3211.325929719438
2023-07-02,Safaniya,102002.00885352607,65844.56626518434,20.045093917588634,4400.754961703671,104.16786922145373,3987.6884244059274
2023-07-03,Ghawar,109791.00216312215,96818.69290935295,27.938209923056085,3991.995968105144,99.28171368790625,3623.092726459259
2023-07-04,Khursaniyah,79943.77707055118,63314.89430867875,28.084801080454845,4013.415376398083,102.26582286228972,3478.875433504315
2023-07-05,Safaniya,93683.05949950128,99339.28670142671,34.446395750587286,4307.716478299322,96.5075987981766,3015.0509807201347
2023-07-06,Shaybah,88044.62642719547,67686.96322167684,33.88389361273663,3999.9250086121274,113.7680311970912,3034.1299295377376
2023-07-07,Khursaniyah,67966.79184266791,65395.21331897716,28.973972895997438,4664.191604331702,113.66600210435949,3077.0535732230137
2023-07-08,Ghawar,134068.060444025,84099.44468923949,14.34050394744971,4199.774762702929,100.03098785981179,3471.1426443429286
2023-07-09,Khursaniyah,64503.41060562045,58075.54519332631,24.910480991205663,3722.9249389578454,110.69139710026425,3281.6617899992243
2023-07-10,Ghawar,133451.29365462856,130687.56771895142,25.81833137426293,5542.872375081776,101.2186235855624,3669.5210923417826
2023-07-11,Safaniya,109528.04710094976,89284.08927028884,15.762540419312405,3701.4885782118185,110.63350387085251,3465.534463150386
2023-07-12,Safaniya,96597.18602499293,68045.36423742722,41.26712995005865,5366.765542413875,109.37524727743751,3696.255506131152
2023-07-13,Ghawar,142198.23586340863,137138.32702637042,21.100521713877306,3429.5045717925473,93.67476635101761,3186.190561731346
2023-07-14,Ghawar,143261.30169171296,125557.03252260131,31.859983790616724,4136.216071452728,104.56946260584365,2975.1232408156748
2023-07-15,Safaniya,105740.07369529504,81233.22383618464,36.99758166376966,3996.190567442722,113.46241403522188,3053.1308433714116
2023-07-16,Khursaniyah,82059.6495530167,52275.45645052848,30.728112634486784,4237.916346793431,104.6648800262038,2836.529621834168
2023-07-17,Shaybah,62670.20815616177,52935.044260899085,23.32756913477114,5312.884134234915,112.53776930202771,3359.533313575359
2023-07-18,Ghawar,134431.2169026625,131412.7963002916,13.925036449803741,4462.973852778572,94.50399862848333,3520.373388672164
2023-07-19,Safaniya,91838.05581440176,71402.92907674446,34.90056404695803,4198.993708044945,114.1123293830183,3493.8240878200427
2023-07-20,Khursaniyah,85190.41250145005,50540.95966620571,48.53509480289021,3837.4013144790906,98.2443387131115,3708.932824922914
2023-07-21,Safaniya,96362.15917855124,58615.90057289638,14.24187618754133,4032.858699366091,109.31680953507677,3214.0882279398747
2023-07-22,Ghawar,125207.2433048534,118725.78003224063,41.905324614503236,4110.727621430485,99.04275807815078,3982.831517444509
2023-07-23,Shaybah,95846.3283881012,62371.938876279964,24.665053678039925,4285.58956805511,97.44142325422645,2880.038770640869
2023-07-24,Ghawar,116469.99332789851,74176.82951251004,26.814359518900595,3311.36263662683,106.46434135974982,2887.2866308807706
2023-07-25,Ghawar,125417.83455003447,122941.55036250407,28.815318018840056,3306.330668420951,118.70796443139412,3338.7371506565532
2023-07-26,Shaybah,97182.37607916328,89581.9805009984,13.48844479946635,4104.788033556549,102.41985998447839,3410.122154328475
2023-07-27,Khursaniyah,60678.16954587193,48994.738493415294,45.506768502230216,3539.937951146829,96.3395952416731,3255.1842281269423
2023-07-28,Shaybah,74396.43987859585,38862.996514649996,32.51772701023149,4353.560376922993,116.15848241459526,3129.1166192854826
2023-07-29,Shaybah,78394.3498163237,61741.68867446109,43.0656427968866,3966.6808239240054,96.42395715448545,3484.155255381989
2023-07-30,Safaniya,100987.48500302545,75989.98394042216,16.798279736952107,4440.466383510224,109.34232697007197,2825.2004966317327
2023-07-31,Ghawar,139064.88636565223,103333.23144037349,29.69660306484308,5364.28986095276,96.67970732908653,3446.68636812904
2023-08-01,Safaniya,89112.72063098176,59896.69321982875,12.73731697579053,2730.819208535746,101.28880293257373,3012.0170356517197
2023-08-02,Shaybah,83302.58840805064,54561.87684012464,8.462026251897573,3881.8688750438478,97.33053163472128,2852.2325730799535
2023-08-03,Shaybah,89804.34480413704,83582.4134547414,30.56141550953957,5262.182632305589,104.08762594283814,3940.382295617938
2023-08-04,Shaybah,98445.11615540023,82521.58680547142,35.190793078002436,4140.815380031056,111.82718742168537,3312.230788887335
2023-08-05,Ghawar,121925.08274509512,73931.56277462147,17.70428909725546,4804.146272345836,113.73027898505647,3326.791663425276
2023-08-06,Khursaniyah,73761.66550852872,60483.321886342506,18.753663094032394,3348.9141429235024,105.36083134476777,3282.1215165574836
2023-08-07,Ghawar,100138.10095190961,77148.23422425317,36.933280750252095,2654.6321779985433,103.24087757458364,3254.7241935139064
2023-08-08,Khursaniyah,74724.26964236864,70762.51186907332,19.519024850233993,3459.1958354821954,99.98833900516595,3143.6157306865152
2023-08-09,Shaybah,100898.25538508307,94051.36562239417,45.52802996682056,4039.2488878036315,106.77107591582202,3332.8641165435274
2023-08-10,Khursaniyah,81546.18616700746,51594.829331550354,34.97608777262034,3960.690090173543,106.76188883766372,3115.3917433314064
2023-08-11,Safaniya,115127.84318529812,71715.77430949353,7.087509379726356,4626.101582404881,108.09922125882083,3669.8071482826836
2023-08-12,Shaybah,86836.70484900706,69520.26982101968,39.73449888390266,3320.3842582957905,103.71610839946715,3251.911749082542
2023-08-13,Safaniya,113091.96669359144,99537.1994279816,24.231682506723022,4396.087755923737,101.88261752178501,3231.6829454872477
2023-08-14,Safaniya,101704.67837940206,103298.34146037351,30.032757389126076,4457.069536939803,103.25573872365426,3216.205651001189
2023-08-15,Ghawar,129501.18532985644,99078.53471809621,30.251239200174837,2978.17127102175,116.47114866890611,3935.2762563087163
2023-08-16,Khursaniyah,71984.11874859931,44267.428516813365,19.700161544720956,3825.863489480021,104.44916682732156,3614.736825722588
2023-08-17,Shaybah,86399.53564836559,62189.59090258431,11.044669798817992,2903.203721467594,108.2929458437684,3424.7812043184226
2023-08-18,Khursaniyah,78384.10550647524,62780.55979990408,37.615203028975024,3805.902456907316,117.10592223040214,3303.599040512641
2023-08-19,Shaybah,96523.04964079481,106106.93593424234,23.309462664941,3350.65069231528,108.70050077864357,3191.6771656866435
2023-08-20,Safaniya,94697.93072776464,70972.61981968637,8.170521275406568,4867.441377413256,106.93428824473757,2830.00375943067
2023-08-21,Safaniya,104556.717872678,79558.62104193978,10.531247142839213,3507.380629201095,109.32021674723785,3429.144933118489
2023-08-22,Shaybah,98121.9726941073,62358.218935194825,42.476356633808024,4040.9903161550856,99.41013251414107,2915.701182614836
2023-08-23,Khursaniyah,78616.43549938011,69365.19857611609,29.282137406320437,4400.967805315852,108.60510056630915,3670.4064835480694
2023-08-24,Safaniya,98792.57065695712,86029.43428993202,9.412292440174639,3881.8149949866006,110.19562050706041,3189.9060550482805
2023-08-25,Khursaniyah,71395.00621772627,74262.64983241336,34.99999903954808,3262.9220009554633,101.6589349991107,2724.093672823349
2023-08-26,Shaybah,86666.06350664997,63878.49024849811,43.10884025874505,4820.51605695197,102.09382671297863,2721.610402364812
2023-08-27,Shaybah,89613.64611108592,90278.466970829,40.893508861888435,3653.8006693138723,109.75078370856046,3363.505932693031
2023-08-28,Shaybah,72811.0687821522,48618.06519176456,23.007275506822957,4300.719423654874,99.0535375648423,2926.9914861208845
2023-08-29,Ghawar,130201.72285003592,83023.06299053507,32.3802510659751,4361.132212422834,113.26223666225215,3411.5344471951753
2023-08-30,Shaybah,85535.05648738159,54479.13940137284,29.617828685766757,3248.1322870168747,98.71343834658803,3170.5245406269346
2023-08-31,Shaybah,86943.21319361462,72118.43080757509,27.005160818712763,3742.2638117767774,102.33224308683148,4444.20972107618
2023-09-01,Safaniya,104223.64000146431,84306.88931807409,25.29464534167019,4863.317251609402,99.7535438895937,3219.099520944786
2023-09-02,Khursaniyah,81208.16054607429,64476.30759132634,22.173545939856865,3772.294647618624,96.39375279659612,3060.121731128038
2023-09-03,Safaniya,94579.40573682605,56717.750008027324,19.11173137890023,4642.419766004958,111.00600043740516,2993.0977657171857
2023-09-04,Ghawar,109654.26097193212,115265.1945203747,15.28033511274748,3703.3511837577207,108.69604593087399,2566.791029180566
2023-09-05,Safaniya,88742.05558564731,59750.67338764484,16.72596825707476,2880.206591565776,108.40925986543057,3869.6262089053316
2023-09-06,Khursaniyah,78130.1509192337,56003.87898692261,31.57986191448957,3955.031855303303,111.20230302145501,3247.1574705356616
2023-09-07,Shaybah,76762.44605011921,50238.25145676966,18.564873289054123,3005.7457829647396,107.5300151330236,3196.4104885771008
2023-09-08,Shaybah,73820.26337405691,46865.314025644315,10.48396050764185,4250.662186826541,94.98482066361316,3174.947602359757
2023-09-09,Khursaniyah,78500.07768925793,67614.74167854755,34.85807998272761,3859.3299243159795,98.63019560145159,3478.546058953916
2023-09-10,Ghawar,128077.67250401435,73565.98001384978,51.765176318930386,3241.5212825301523,101.18683858592065,3563.07697066608
2023-09-11,Safaniya,100036.1659565857,76681.85513355625,0.0,3719.708683698071,100.67993207457936,3381.891704886994
2023-09-12,Khursaniyah,77238.57792453926,62823.89919583249,37.972643747582694,3965.60562753619,106.49707027037344,2795.241241541755
2023-09-13,Khursaniyah,72862.32555110457,66454.82625786819,29.91726950529257,2668.173428329867,105.79928505995704,2720.236847067155
2023-09-14,Ghawar,123454.97712761929,79019.92344479031,12.486835636042235,4586.271910164329,111.15239879711895,3017.5490346429465
2023-09-15,Khursaniyah,77006.12220102703,59139.27152293006,40.141060985711675,5313.206245873467,111.6975124532681,3669.3468861967413
2023-09-16,Khursaniyah,61048.00676219509,42898.960933285016,26.03200264634269,5538.978110883907,104.64614975837188,3538.4473819059476
2023-09-17,Ghawar,128745.66982863408,116132.99237372166,27.115790903884143,3601.861509244203,110.06320749542543,3227.204721682319
2023-09-18,Khursaniyah,92127.22649963849,42155.19363364602,29.582010635603126,4844.100471895524,90.14768805800864,3585.061818911977
2023-09-19,Ghawar,139869.28496084674,84596.66625468215,27.374680436647683,4065.3459838852536,114.7228958354381,2968.400734693309
2023-09-20,Khursaniyah,71991.40731781088,66868.36989478396,29.287336448915593,4051.9212708556465,111.04473050976662,3464.347501995265
2023-09-21,Safaniya,93898.9928755215,109844.81547964533,40.451961395980476,5317.805898706221,93.06201642331911,2977.562381873286
2023-09-22,Ghawar,140625.4465544187,121347.48616638406,37.97416291096793,4290.298071901898,107.02392341078192,2038.0025553421863
2023-09-23,Khursaniyah,74500.27126033472,55093.610719274846,13.145083713318265,3999.4513524843655,110.45931502453692,3116.971101218975
2023-09-24,Khursaniyah,83623.08038404217,63509.955341951274,15.950004003559673,3671.327883192568,108.91773603116195,3259.7824031409923
2023-09-25,Khursaniyah,77510.75740710935,36519.08384214325,45.14184344058944,4802.318200200099,107.4549435197073,3494.8575555154707
2023-09-26,Safaniya,104979.20348602482,75584.48462935022,34.854808092666204,4352.9318366908265,110.07002753044597,3526.6331348633466
2023-09-27,Shaybah,88802.72385149745,50330.30308589792,17.80987787698413,3370.78456000313,101.68162628651265,3465.9947041805945
2023-09-28,Ghawar,143559.99291260785,117051.29161491433,28.838627767485328,4733.578699395629,91.86647682923068,3186.787166823
2023-09-29,Khursaniyah,69620.48955408733,45532.18693135496,28.786561445669523,4378.770499200241,99.26106052235716,4061.9751224376264
2023-09-30,Shaybah,76817.9293076808,56564.79029511866,20.43613769015229,4181.212784082184,122.21050982868263,3532.3449314622344
2023-10-01,Khursaniyah,68602.15000639194,55646.47801106322,11.685499197224015,4315.01117966547,103.75826936365027,3200.268115660913
2023-10-02,Safaniya,94586.29627632747,53261.05773959471,14.499333469496811,3826.2271047516138,102.879584660765,3400.983034905514
2023-10-03,Khursaniyah,69624.67607699604,41197.18442396518,15.603750908605264,4910.015981923278,90.90138300856015,3499.2164061694375
2023-10-04,Shaybah,97721.01357655694,91823.37683946246,37.29944565249792,4557.711348500022,88.39629199829606,3661.4038404459748
2023-10-05,Safaniya,99390.77932084742,83581.7818919505,24.74186063277275,5180.3653380238175,113.75554880249291,3384.174203563856
2023-10-06,Ghawar,147615.37769741405,57596.80745499758,31.532211717338043,4404.679958278972,103.22017257203446,3181.9997128187806
2023-10-07,Shaybah,97747.57068333437,54707.768381007394,33.957876466100515,5264.196484462225,110.0701815872631,3217.582127693766
2023-10-08,Shaybah,87663.89659807559,71433.97723908137,28.076261809756478,4800.852141442917,102.02984253556156,3525.0806063790988
2023-10-09,Khursaniyah,68875.86495660478,18386.1641157692,30.898545934829055,5374.496040048946,99.58937184150955,3220.747241706529
2023-10-10,Safaniya,115691.52969951386,118318.3583713929,28.66743671592748,4152.529520653822,115.15805011699823,3345.4867682447084
2023-10-11,Shaybah,92642.46175932696,62741.47626893616,29.20833170012978,4838.024719145388,95.1739739649106,3456.8253021560363
2023-10-12,Shaybah,69401.30039250638,45433.72415815345,33.04635723172054,3685.215902527256,106.22269538340474,3327.3946736506186
2023-10-13,Shaybah,82155.6198574291,37705.199045500274,31.85692234135775,4178.418805340557,126.66094811322341,3381.995038249732
2023-10-14,Ghawar,107442.0828574865,90259.62500386777,33.95154552169825,3671.088184148881,107.91506475720455,3544.966868039026
2023-10-15,Khursaniyah,85315.81355525732,50921.81815904387,51.10665218174523,4484.425598252574,102.37735817883873,2915.659383155778
2023-10-16,Shaybah,80834.80834375131,82401.83525260401,19.771845341913092,5043.229068465595,115.50537277424644,3219.328226094213
2023-10-17,Shaybah,85122.83859349036,43522.38537346151,39.06608976028603,4625.945608615529,106.44623008728634,3029.688854554215
2023-10-18,Shaybah,86274.74183962114,67817.92917227207,33.145499502514085,4998.270857244277,107.3030958653969,4150.278944529545
2023-10-19,Khursaniyah,73862.70665150108,45663.18015366333,17.296685110069284,3779.097582690628,104.99142215428854,2901.713174402534
2023-10-20,Shaybah,94394.61681102202,56061.60493368705,18.53199620534219,4859.294289583229,103.28765934119363,3158.110723414775
2023-10-21,Safaniya,85955.67525082112,57628.73993187559,28.082140854673224,3294.9338767746303,109.73245479118839,3017.227749033169
2023-10-22,Khursaniyah,75159.9003395526,41456.12573042754,29.540674476096488,3635.5807635967094,102.54610071095253,3459.2118515455068
2023-10-23,Safaniya,117586.7391821628,158063.2503413194,27.969187063307338,4283.141971733076,104.54834148700967,3430.648569449132
2023-10-24,Shaybah,93176.27015937658,77664.30649549945,21.810703586518336,4999.268098465484,107.2467056159163,3081.31819739356
2023-10-25,Khursaniyah,63205.61261562597,28124.280132062246,29.753518050883287,4074.680451547339,92.35335964413045,3158.872415356656
2023-10-26,Ghawar,120865.18148105628,108589.67321290236,11.756375551505776,4243.081940723127,97.70190944906984,2964.8495294081094
2023-10-27,Khursaniyah,75655.73890876505,83695.31081654443,31.18191068256981,3573.858951139917,96.42602213006012,3272.258838517507
2023-10-28,Ghawar,123795.76412071992,103944.16350281452,24.3329599301222,5016.807094374753,108.72557164321353,3321.0611788023493
2023-10-29,Khursaniyah,83005.2794552713,63015.964000690714,40.484485494133445,4226.512455184538,106.31137315764688,2803.9038517795
2023-10-30,Shaybah,103381.61244819651,71565.59357223933,31.777319362001702,3961.0804600138904,99.19164654543033,2866.204381845515
2023-10-31,Shaybah,101532.60926651425,84431.33998935626,7.997909459757697,4398.434432274705,109.07435849381467,3081.3180443203673
2023-11-01,Khursaniyah,69825.81490396893,67502.49630262284,48.09100848711359,2650.9069856596416,112.86631080441883,3115.2022539678474
2023-11-02,Shaybah,88807.49546920719,60791.7225031202,30.013871820524734,4757.674721250707,111.18838273867183,3433.7177414926086
2023-11-03,Ghawar,110460.70762098259,98596.29312914007,22.056128950825467,5169.510644881249,108.5068400651256,2714.7071161738804
2023-11-04,Khursaniyah,69768.29024526673,68597.26360368264,26.250822775696115,3726.5927296670684,107.74633110160653,2973.8320357609773
2023-11-05,Safaniya,109403.20877616825,66584.51286940933,30.55035105648815,5228.957595868796,120.45938490349306,4012.9560447566582
2023-11-06,Safaniya,110892.40825094092,84423.08173413973,6.331240257055619,4998.446794729743,113.36947612422325,2635.8698841258997
2023-11-07,Shaybah,81278.13205959668,59051.96993359169,16.01431063371006,3929.0356303241424,111.77763490577287,2997.6002593815892
2023-11-08,Khursaniyah,78462.24751368782,61050.25730765429,20.827922141623347,3629.9417838562167,105.44714509784544,3070.448970613704
2023-11-09,Shaybah,102491.20381959307,62698.50318699025,15.293740570464898,3111.2438882735532,102.99464932381557,3823.5637855269365
2023-11-10,Safaniya,96524.70860818072,66929.75428042466,20.627802163254962,3753.1732355206036,101.45896824495735,2949.7532751472463
2023-11-11,Ghawar,126867.78296282538,84701.347501134,23.031041075252197,4447.875847850367,109.76152645230414,3451.2062797571234
2023-11-12,Khursaniyah,86298.19958954176,79772.15355902017,13.537806068075133,4211.8726627131955,113.798254538276,3664.4918718667864
2023-11-13,Khursaniyah,79097.23906244745,63741.05502544292,44.388004078491505,4668.323520000465,102.6830152856458,3754.578608228387
2023-11-14,Shaybah,98670.26636664417,75936.90467215126,32.598780850512725,3684.816849906923,108.66261586143017,2936.9306566216974
2023-11-15,Safaniya,118383.67323358821,67247.83858741214,25.584789598188216,4155.197663401353,108.20066887226992,3280.843182195459
2023-11-16,Ghawar,138393.28547564376,119034.17122591955,24.263735321590133,4303.577642364964,112.40573454376374,3067.526087822971
2023-11-17,Safaniya,79074.73584204871,54396.87375923255,43.21095722459573,3751.302165960461,109.62994600653897,3088.9704448507687
2023-11-18,Ghawar,143250.69508236478,86998.53061771054,31.025756889487916,3949.8421842786793,109.96937482454423,3780.562231282867
2023-11-19,Safaniya,106826.68304941345,102109.6962431939,18.083003411601588,5344.77556431069,106.13504042153183,3219.5656981085813
2023-11-20,Khursaniyah,67964.99218149198,47338.97114034182,29.31877890761347,3376.847393204133,102.04549350179842,3787.2184785297613
2023-11-21,Safaniya,94188.3471826196,101056.75582914894,42.62170987669009,3787.710106748799,103.37687503417555,3963.825018040356
2023-11-22,Khursaniyah,67036.71802762245,47437.81118358583,17.128645058944258,4317.286316552932,100.91597431107128,3275.672724094522
2023-11-23,Ghawar,126969.5677295871,120886.7602602669,24.004789922258883,4646.036291761292,110.68624736660124,3604.579284038181
2023-11-24,Khursaniyah,90022.11630634773,65874.20917685133,39.86044820231448,5226.038825082501,104.54442592390912,3050.7004808473403
2023-11-25,Ghawar,139110.879657039,72205.31733545085,38.439128906883006,3808.9976080251017,99.59033734076675,3211.5998109569855
2023-11-26,Safaniya,111424.0455528759,60437.702097078065,17.72985413303563,3799.39353746106,108.29755944985712,3221.9699821829627
2023-11-27,Ghawar,124749.61857478273,122484.92911263305,23.684046367786692,4948.286461448649,104.54787114244722,2792.8863824677233
2023-11-28,Shaybah,87739.19530638643,49399.72352532286,43.90538667004677,4037.748462460189,97.25758968014537,3361.371070665972
2023-11-29,Ghawar,123528.58070955484,86646.65940313376,39.575455658219205,4448.776091035438,110.37646797303596,2981.262673796988
2023-11-30,Khursaniyah,71092.56298638044,33368.37844946359,33.58450983753605,3514.0037150690746,110.72497171058166,3371.445536290717
2023-12-01,Safaniya,97017.58868145302,73959.9060879235,34.183039646034906,4616.578012937194,92.37339661945286,3534.6419304297315
2023-12-02,Safaniya,106523.281997494,112649.1979831293,15.698689788914718,4642.331472251271,101.98266998132266,3659.1261780107634
2023-12-03,Ghawar,132115.6686812487,81907.47989372002,20.386294134770335,3618.508097514434,100.63410666070948,3354.7732973347393
2023-12-04,Shaybah,72581.29440127473,58466.96322082121,14.046933156694267,3623.9249023890743,98.80022422522197,3627.4744491611436
2023-12-05,Shaybah,87769.96559653302,40149.995261265,28.851877785635924,4055.038072289177,106.48878682434501,3143.8435873673425
2023-12-06,Ghawar,118299.04136992678,86414.00825431102,20.75376420925972,3251.924571345797,108.29184534220353,3079.1719720620217
2023-12-07,Khursaniyah,75078.28736226207,65486.92392561257,25.676001591913565,4737.999781288841,95.85303479580433,3319.6485532377924
2023-12-08,Khursaniyah,69280.53851688947,62830.66418799259,11.35973820553297,3729.1824321190356,126.09787540632648,3515.868876387233
2023-12-09,Shaybah,89700.60117851426,75240.80559469787,31.29921099587578,2471.7174258109303,112.76860470507954,3238.6948559410025
2023-12-10,Ghawar,128648.43388259457,97182.19585079425,16.45756849945238,5633.831689443034,119.44984666047877,3269.7153007959328
2023-12-11,Shaybah,95658.15597182533,33945.294482942816,19.315499583761873,4402.090321366045,97.04114960698176,2617.914299202521
2023-12-12,Khursaniyah,83050.0559463228,53664.62953862559,18.69952702405499,4514.613868489174,101.06262850523832,3210.5834089506407
2023-12-13,Khursaniyah,78553.88238742124,68231.75434001359,19.506498215721642,3756.1800634208844,97.04926104724507,2910.775831111197
2023-12-14,Shaybah,85395.74323462728,76953.76578869812,44.72685733601823,4440.924691053226,116.15491207497317,2724.9207900631036
2023-12-15,Ghawar,144639.00479163328,84950.49697517339,27.84784062518723,4639.791430422045,107.61141301185738,3272.0803220369744
2023-12-16,Ghawar,139727.96923370022,128264.41401509783,46.016642289222425,4307.986314516127,111.49211195647283,3036.2084539688826
2023-12-17,Khursaniyah,89395.2774058076,89190.45968735394,5.16971409275353,3432.919379018984,110.00141612632223,2845.035238903336
2023-12-18,Safaniya,109904.73063949677,83764.3648196223,25.038559604328746,3979.08887575107,108.81319174929436,3509.130424520591
2023-12-19,Safaniya,100695.41916148034,81101.01156660027,28.849854079555378,4780.413983901411,104.19267165282935,3316.1227201176803
2023-12-20,Khursaniyah,76994.81525332476,80194.84697850629,34.55534539923635,3807.818460262906,93.47404782385921,3397.3080656633756
2023-12-21,Ghawar,150441.88937450806,121775.52820731617,27.563367483285457,4811.048597542807,116.6618033372321,3528.3517467697948
2023-12-22,Safaniya,93119.1924212583,81071.29054519227,33.3956967310931,5174.612258374755,111.29857496866079,3636.3040981375166
2023-12-23,Safaniya,99760.76800043721,79548.28980686901,40.97112804259415,4846.43397098233,111.63746491372981,3169.6152653184045
2023-12-24,Safaniya,102658.56287849785,62471.53541292879,24.461869229935587,3626.326724887022,97.4125143437553,2673.829179690271
2023-12-25,Shaybah,84115.33646494623,61857.82058730305,20.152926809968264,3732.8106226157133,97.73111929877567,3285.0514135275766
2023-12-26,Safaniya,122040.00515236348,78204.56509255958,30.201170470207195,3580.5927085458925,95.40350371893933,3309.9803196577395
2023-12-27,Shaybah,93713.51220808673,49887.5078456034,31.6259023488906,4582.201098784092,103.7749357373403,3471.2523096930286
2023-12-28,Shaybah,90783.25390791359,55391.09883409836,25.943575502290734,3497.527319515297,107.73900697671695,3350.0064512898903
2023-12-29,Ghawar,140097.78559481868,133339.1128703319,32.94477530916575,4113.464145788536,103.43508899188785,3004.8296004506165
2023-12-30,Khursaniyah,74851.30030892779,52758.25926527838,30.66591244152812,4250.060848380385,100.11478776304567,3124.8734223633705
2023-12-31,Ghawar,141754.55533275488,107034.1964751129,26.83529785103023,4731.585088353138,111.35873549524082,3336.989345981065
2024-01-01,Ghawar,153154.98437866292,84306.90116194187,22.73285757285737,3325.0875299138147,105.53710098627683,3650.7223931138597
2024-01-02,Shaybah,90938.36732310563,67191.79291304522,23.09800353905104,4242.107062762342,110.84699251861026,3616.780466135678
2024-01-03,Ghawar,137601.08355774832,78855.05709622966,33.28593289285046,4293.2591864827555,112.74320182601144,2831.27617333531
2024-01-04,Shaybah,84128.46555629293,52998.43205730168,21.91848287536945,3811.00746749254,115.92146554148715,3086.0641641039224
2024-01-05,Safaniya,73499.81796862054,49198.018893259694,38.156643731184396,3404.008185123251,111.31214163595912,3268.7491526645445
2024-01-06,Ghawar,127153.70859170987,95767.48037592579,26.381019819349984,4229.156710873738,114.85367624110222,3034.2338775707794
2024-01-07,Safaniya,103914.09372983967,92288.42536556633,16.475972097784542,4534.848803721023,94.87852491254914,3411.355315399918
2024-01-08,Khursaniyah,81701.95462468531,96392.20129469522,26.604544603498535,4533.461320688615,108.83909870982588,3557.87143099232
2024-01-09,Ghawar,132965.0035758645,96935.0981436475,33.46859357648428,4456.908826115453,107.42413386921085,3759.3048290669085
2024-01-10,Khursaniyah,75648.60955960039,57654.981332173134,45.52736840934209,3248.950584938949,101.04503374033561,3181.680362604051
2024-01-11,Shaybah,96555.44707186085,71729.76342551115,26.75918221577842,4345.552835570105,106.07705369004714,3260.0614403942227
2024-01-12,Khursaniyah,48893.31828436977,28970.178573900746,31.524207631150265,4791.24765851915,104.16891364677382,2989.9919924314618
2024-01-13,Safaniya,90268.73388528776,76544.6264820293,39.31992684787643,5501.639863239103,109.7131096366831,3528.5912820496815
2024-01-14,Shaybah,80115.12588441203,71451.24329810613,56.632776847177595,4174.586727107819,105.81981811811147,3153.885832412978
2024-01-15,Safaniya,113532.72603660982,104239.32418338039,33.903615978350786,5007.305535470187,103.57180559421266,3487.2103896845115
2024-01-16,Khursaniyah,85727.6530036242,48005.097469356224,37.60906814700381,3939.172164159031,103.86884729435523,3033.508768979202
2024-01-17,Safaniya,93644.34224719353,47052.4675506664,16.50129727770151,3346.714518729367,94.21541933615921,3750.411907553994
2024-01-18,Safaniya,100465.64544431659,93893.29362082684,24.121473785566643,3396.0617635617104,100.59494166208084,3617.4221083658085
2024-01-19,Khursaniyah,72430.50870784158,55455.648574781764,29.424149078304815,3877.2246314864487,109.76818455095258,3423.167725217399
2024-01-20,Shaybah,71742.30815570545,56180.47463552137,10.30427512986255,3466.086566693775,94.48068948106513,3171.620407957417
2024-01-21,Khursaniyah,75574.24307625096,73234.06371505762,38.8087333708645,4424.395213693343,110.13547134271873,3010.048685363533
2024-01-22,Khursaniyah,81879.0461708281,57048.593747629806,31.02649922396209,4044.832032746364,97.16453168823253,3555.4949368907505
2024-01-23,Ghawar,117349.59243427706,92150.20957157601,25.975553147447577,5125.788041311464,105.87884087249783,3564.330265725837
2024-01-24,Khursaniyah,84018.78736231466,75300.98205605874,18.537303856074644,4654.667782128169,109.07075391180163,3116.9092189844428
2024-01-25,Ghawar,135593.3040677176,67620.48393920578,11.49328651292874,3705.8451701083222,98.72258810409947,3284.338245178317
2024-01-26,Khursaniyah,64381.20185727784,65384.90995822775,45.542975759067765,3269.6053972181703,108.77337536741624,3598.5661183416123
2024-01-27,Shaybah,89037.05537299339,66251.43638278727,19.39831964314574,2961.766665550572,99.91599265081014,2885.5006994946807
2024-01-28,Safaniya,95916.04941604116,69515.11569921991,15.900874672307356,4718.832586480397,104.6226130265039,3616.5235275090195
2024-01-29,Shaybah,86007.80250640288,73590.18269838103,18.24718464141268,4169.58080312089,113.38465688277905,2951.5918680205145
2024-01-30,Khursaniyah,74819.70312427841,49786.314533030236,32.5956158385244,4114.105068843309,113.69305846330523,3741.359704867039
2024-01-31,Khursaniyah,81674.21063454587,63635.37872291912,25.68768678065326,3806.9467079957817,106.31765849532945,3062.247504305667
2024-02-01,Ghawar,133508.64418664176,86235.72819617964,38.53258789998742,3699.3817341669255,109.23837201784467,3198.4671045023956
2024-02-02,Ghawar,134220.7674051667,94134.15328042122,33.41349839880664,3042.538240690758,95.48817523244821,3143.660246510903
2024-02-03,Shaybah,76453.67309956922,42199.07060294232,24.955780238632293,4512.633003819889,119.79225094786517,3214.9848059280293
2024-02-04,Khursaniyah,69706.28037181796,64371.32417625126,11.777343765634019,4377.690110161077,106.31079286341618,3328.8733204049704
2024-02-05,Safaniya,99416.9364560065,77634.15138074763,28.665813297025714,3598.0402782302217,106.06075521508345,3511.9981888096686
2024-02-06,Khursaniyah,64866.16854715428,55868.17642607402,32.11574495593286,3386.194405058058,114.14244302601531,3416.835902175857
2024-02-07,Khursaniyah,79936.20730104124,28755.03816718102,25.040106040239397,4205.622206771863,98.88526694916246,3142.2170416482604
2024-02-08,Khursaniyah,87325.44203859914,64500.93025146464,29.21715867752381,3204.6141087807223,107.55576524668817,3416.4132168916326
2024-02-09,Khursaniyah,84423.98209544754,44488.384175878884,28.094496616867435,4814.446594309445,100.24889878171452,3351.839300626603
2024-02-10,Khursaniyah,88606.36521146851,99855.62914879182,16.90052432851206,4098.461043603337,106.55537627336575,3378.5699738201947
2024-02-11,Safaniya,97982.11477105881,68597.00759841631,29.982562210684495,5058.475911185732,103.02185675888167,3355.5180233286674
2024-02-12,Khursaniyah,72727.49280045164,32303.038420376244,22.055488866023413,3782.765888998535,92.89491623817756,2862.506152639358
2024-02-13,Ghawar,159835.4273189053,87315.65019277394,40.03359888696164,4129.537697355769,100.1730284370992,3344.583157536113
2024-02-14,Khursaniyah,63196.59507627658,54131.310602188736,21.545697316912996,3934.986205174584,113.08429306266589,3471.3518142182857
2024-02-15,Safaniya,90788.9663401617,60898.73171788612,18.9258473220535,3315.3658384163223,103.77745804375223,3427.589519714288
2024-02-16,Khursaniyah,63430.141045926044,38924.64924731813,23.97982428022756,3511.2528700139815,100.14003808378733,3398.0430299897503
2024-02-17,Shaybah,91992.37239002249,75013.13399412915,17.497509687111027,3652.811628853563,103.97157446016914,3519.9246236980307
2024-02-18,Ghawar,123177.69110024291,101356.22976675862,22.91196731316914,5015.100080177159,113.15237038579116,3394.4028671535216
2024-02-19,Shaybah,91882.62220052184,56473.61850431246,44.534683290092275,4395.148590542782,108.22196594407662,3073.0740727110183
2024-02-20,Shaybah,90895.44259025948,85992.50545244264,16.35342148374687,4035.3997575815724,95.90215428339731,3104.0322850323664
2024-02-21,Ghawar,126741.33554917885,73916.55269058517,32.02153914994343,5275.428380007999,104.60233779147369,3651.9230868041927
2024-02-22,Safaniya,95617.51004677097,82649.29808780154,21.252049232322165,4177.9067828352045,96.71208287218325,2792.7918163078302
2024-02-23,Shaybah,88990.5849333481,49645.30754639631,30.688844925619957,4514.697936411643,103.01642977240611,3655.209399350166
2024-02-24,Shaybah,87330.15132200632,54580.02440110938,35.89078770986053,4566.182315656273,111.69210227490484,2988.782336497559
2024-02-25,Shaybah,87874.93372895315,61012.44838529391,34.42157851811279,4564.965899240508,103.65458497791286,2929.812216255969
2024-02-26,Khursaniyah,72816.77732607743,41676.277757780954,40.52718815916329,4003.449500778312,95.57091770278404,3747.121676614955
2024-02-27,Safaniya,103803.11117483053,94898.36524745353,17.82998946933491,3557.8313203104403,117.95300463955198,3166.8443503606754
2024-02-28,Ghawar,135144.91546183405,69027.09792370509,34.756878807780204,4252.73144313438,106.79911395437996,2993.3699271368464
2024-02-29,Shaybah,81414.63065934333,78274.90329461497,36.26231292872678,5725.4467982323795,99.49011462457271,3655.8917999891505
2024-03-01,Safaniya,114227.43743763081,62788.18509257403,12.370107492506467,3801.802546241227,99.54233043969495,3579.2002705780387
2024-03-02,Khursaniyah,68289.11697426224,63714.99390062258,36.56078818666876,4142.699253842008,98.45903691489124,3361.6487259908363
2024-03-03,Khursaniyah,66445.47575227648,43444.46312241696,23.815345445679228,3495.062300963736,116.72019740873348,3073.4941554253473
2024-03-04,Safaniya,91359.01942592251,75319.47121566506,15.257876315150751,4786.686926498843,104.62602046940611,3043.9290063718495
2024-03-05,Ghawar,116504.84683418478,90797.4131686899,26.405208549010943,3678.8888503777266,103.9185053398313,3369.287378371035
2024-03-06,Khursaniyah,81074.27203073786,54088.93533410485,34.85264374915485,3902.6755115439237,105.82276073469914,3199.662853840141
2024-03-07,Shaybah,89397.91477774443,59363.26422083258,0.0,4706.279429278616,108.87627144092684,3905.464965866004
2024-03-08,Safaniya,81072.65699445792,49595.85517605662,37.776393957437946,5204.165388638352,109.2802332143384,3192.563595832241
2024-03-09,Shaybah,103498.99882107398,82224.06419356765,43.39921033789091,3995.6826775774302,101.81014893873568,3227.630650814119
2024-03-10,Ghawar,124137.59863621686,107604.33878002016,33.79249559149912,3924.0447027210557,110.86317392651863,3245.9913428831915
2024-03-11,Khursaniyah,80679.41111094176,51215.06597549711,27.15747802676509,4181.961307698387,105.97074163819508,3417.4730828333363
2024-03-12,Khursaniyah,69359.16732143177,41537.10235413983,13.246325027794228,4851.880363325986,107.18116049466337,3151.0817324006543
2024-03-13,Safaniya,98744.71899981228,69958.10839458273,29.29917309070651,3937.3123388535264,98.97183785142326,2864.574969481528
2024-03-14,Shaybah,82811.08664408917,64851.93984078143,22.161212146413884,4075.6830157711324,98.14188987296066,3786.5064522043003
2024-03-15,Ghawar,115911.85364811994,67829.3515816508,49.2774996202529,3999.314901203446,99.95170591635838,2701.6478042073186
2024-03-16,Ghawar,144631.54115908264,52287.94287216937,30.699957746730338,4057.0736480063547,108.49318632523746,3597.1042753587762
2024-03-17,Ghawar,150530.8276311644,133914.42741469733,9.30185252596008,4431.024447593362,110.07840739083613,2984.1011588722463
2024-03-18,Ghawar,132994.81020082303,105911.17873236185,23.208721257656244,4094.242873459421,95.11960532466411,2789.3161134479724
2024-03-19,Safaniya,114043.50881941002,56613.83648127248,17.457995668613528,4099.817688810401,116.62316110566476,2860.4744019086393
2024-03-20,Safaniya,114771.5192324516,77578.4130526294,39.94608764952355,3861.8132466912,93.51535599904706,3153.0080343358118
2024-03-21,Khursaniyah,88515.2024757736,37016.6987956795,35.75087950046677,2590.918013709701,106.48032358592788,3309.2676763150494
2024-03-22,Shaybah,76247.86099410143,65886.69912887765,41.16173380305527,4344.2762230080125,99.99308935066068,3495.2354771465953
2024-03-23,Ghawar,131574.46675998872,116274.26736220656,16.13817357240937,4367.823892782316,113.21480172908879,3229.164854829838
2024-03-24,Safaniya,95128.22302717237,76542.82412073071,8.875742719291466,4114.282535762503,100.97644187928556,3227.5351969024414
2024-03-25,Shaybah,85985.00547747716,55399.6030901651,37.48156746776791,4006.463181572498,107.74389343656323,2975.8117181138527
2024-03-26,Ghawar,125990.86011156975,121755.66452649901,25.707315413259472,4924.039062711593,98.19940231761669,2849.2769963798714
2024-03-27,Safaniya,101421.00944352988,111370.57488369558,26.88556258671071,3696.5926829529867,95.31416042199419,3280.1597074089777
2024-03-28,Shaybah,102001.82346839487,66345.7219203342,27.104229250126238,3875.965662099833,101.2595574029826,3230.4676291876995
2024-03-29,Safaniya,96797.65175347842,76256.23347450001,53.274847969165144,4563.176129936787,95.03430324439341,3177.6289094778413
2024-03-30,Safaniya,102495.27275637968,112756.77569550536,32.965035198732636,3610.3808633226868,103.03780948018742,3366.7870222551182
2024-03-31,Shaybah,86071.03378410154,66228.61069517458,39.81194730959888,4244.862142117336,99.52626489304369,3618.8242588978223
2024-04-01,Shaybah,87407.65096004636,70440.91038422928,27.3164510939508,4022.392231185568,115.12792694792807,3129.673102747922
2024-04-02,Khursaniyah,67863.44484128487,36226.729170536026,12.421412111006546,5062.148899708691,97.13107919124906,3213.7936336551616
2024-04-03,Shaybah,88735.69393194791,71039.8443458049,33.707936267748785,4859.281383603835,93.36825232751632,3123.9995672787145
2024-04-04,Ghawar,119799.33595856473,90352.37940574563,33.47008940466998,4368.613712467444,88.03599172295338,3024.095460934805
2024-04-05,Ghawar,126772.82693225746,95097.77841963674,9.581087741070547,4128.373017641421,110.93485449209398,3343.9150425782
2024-04-06,Ghawar,122895.84247667773,93792.350017868,21.68747412768486,3401.159628410716,111.53152519419913,3269.914846858137
2024-04-07,Safaniya,90173.08144394172,81798.14741640603,29.308890388104846,5289.743867230805,98.84206041990114,2881.4853345076594
2024-04-08,Khursaniyah,83805.4926871717,43783.25919156785,29.137691778685905,4824.256149621503,93.75892789858686,3939.45983047168
2024-04-09,Ghawar,137018.4076681371,87784.47087179465,42.301913495604,3778.9470681846465,109.572504053611,3319.4431810215556
2024-04-10,Khursaniyah,70638.14857259153,52305.71713491281,31.32128938590359,3790.616739308974,100.28375652331135,3114.7547315972934
2024-04-11,Ghawar,127007.64468511792,116083.81314690171,34.83795725401462,5417.43759448013,111.66208446987964,3264.148575014715
2024-04-12,Shaybah,96836.78243698312,53373.56098600356,29.890585032490048,4182.882876125086,110.87111186612417,3259.9051114551826
2024-04-13,Khursaniyah,72244.43417955415,47729.885665262686,28.228046720941734,4089.2215385059512,104.45949967955758,3102.582504574913
2024-04-14,Safaniya,97819.39051535334,101211.484056431,29.375784708691068,4445.23099019051,99.46615580073315,2938.025504762113
2024-04-15,Safaniya,83993.92699169334,90843.25391016179,18.014769020990695,4790.290228506498,109.69590934587148,3506.345890798002
2024-04-16,Ghawar,145747.50211436488,141612.7035869662,23.519972420273376,3762.145774338799,101.20527692506295,3705.6979517909917
2024-04-17,Shaybah,84848.66378130857,60910.78009147436,45.39156096954453,3690.3139077453884,109.19465786263282,2988.3622187531537
2024-04-18,Safaniya,90552.14943985737,79728.85705301896,41.72723162335504,3613.24227821394,104.91290384645156,3032.0175570808483
2024-04-19,Shaybah,76293.8836239769,44073.38275305512,35.83540050929361,4370.941830321306,112.1529495215524,3706.855356272918
2024-04-20,Shaybah,79532.6470296413,72727.88903884168,27.046777341242468,4051.1107307531947,111.30253254850537,3114.2698476251885
2024-04-21,Ghawar,142707.17608240288,94069.17715344936,44.096850069193,2964.897826958056,101.25780576307956,3169.2031778131413
2024-04-22,Safaniya,88925.58470582677,51594.667625142,35.901178820112605,4124.3045811401535,100.43029878653697,3112.724738896316
2024-04-23,Khursaniyah,82570.25755264195,41280.069116813414,10.00265439592513,4259.074281619279,94.45146194814825,3490.9619345764554
2024-04-24,Khursaniyah,71638.61673921591,35057.811596733634,26.92984420217811,4324.790131163343,97.58850957306146,2975.514785398899
2024-04-25,Ghawar,119182.35192428782,103539.5104722575,18.24864353237433,3717.1260644060217,102.77748362594475,3021.7481100024893
2024-04-26,Ghawar,130295.02695838608,76144.2367748255,32.70478801482589,3372.2056309864865,101.2150366306241,3761.257360086426
2024-04-27,Shaybah,107000.03243833537,82326.92841329187,33.512850522693334,3883.298284602927,113.8926112546553,3767.568471196676
2024-04-28,Shaybah,78752.04311103694,68513.23477300956,19.117726169177743,4866.54295181154,116.18614568382712,3154.2190580403444
2024-04-29,Shaybah,83678.41342713372,44245.894763327036,35.308150418916156,4778.219619464514,102.42710188560724,3195.596371799198
2024-04-30,Khursaniyah,77304.08691949127,44275.199571564655,37.5577194761405,4778.613880108913,96.80534211657383,3753.388485111839
2024-05-01,Ghawar,105410.06800451883,102352.73644645495,27.863323661901834,3318.2216362011923,112.55589953109144,3094.3635865434107
2024-05-02,Ghawar,123969.7014282784,128981.4447516815,35.858007004436665,4987.97901467483,104.39725172820725,3365.098621311331
2024-05-03,Shaybah,84363.72923426043,41579.02661337286,34.41442166180031,3945.8172053243334,98.83558654023936,3067.528780275565
2024-05-04,Safaniya,94853.79942515888,59399.69574323927,24.543684135502783,3328.3895316707553,105.33511546692876,3707.3652236280677
2024-05-05,Khursaniyah,63669.41961783868,54443.046099137726,35.732352991858164,3934.1432290004714,104.60785406028172,3668.607874209642
2024-05-06,Shaybah,90595.82967331143,70138.13915197663,23.500875595444242,4786.332573472261,109.49163596497954,3391.7790257023194
2024-05-07,Safaniya,111873.99951525645,102862.99415222688,32.96082481092712,4307.7924092343565,105.6552236809796,3676.8681560996656
2024-05-08,Ghawar,117696.42328738059,89182.48184038165,20.6564596911761,4179.088994838125,106.19748431837282,3313.9350417209234
2024-05-09,Shaybah,94858.39267527807,65949.14973306564,28.707295318597836,4072.8065630419455,102.82589680809036,3480.8754409056355
2024-05-10,Shaybah,100084.98669375331,57120.3890926065,17.370275175282227,4073.0632121427834,94.24162108443552,3509.5182632370997
2024-05-11,Ghawar,117105.83981562684,91792.01356279632,37.77943862341348,5124.797548433377,100.90501345686361,3248.7790283408704
2024-05-12,Ghawar,142868.68552999196,113311.65518619657,23.777185170369876,3558.2130540433122,109.02659027002886,3609.4309229994647
2024-05-13,Ghawar,139859.0910444761,102040.715346607,36.93711057204584,3544.292973204827,105.68089033331358,3342.305808860902
2024-05-14,Safaniya,95760.28636744802,70843.39384526572,22.426510030207332,3377.1820305059596,107.56810086074358,2787.5871767229355
